Ids,Team 1,Team 2,Winner,Margin,Venue,Date,match_no,match_url,Team_1 P1,Team_1 P2,Team_1 P3,Team_1 P4,Team_1 P5,Team_1 P6,Team_1 P7,Team_1 P8,Team_1 P9,Team_1 P10,Team_1 P11,Team_2 P1,Team_2 P2,Team_2 P3,Team_2 P4,Team_2 P5,Team_2 P6,Team_2 P7,Team_2 P8,Team_2 P9,Team_2 P10,Team_2 P11,Captain 1,Captain 2,Toss,Bat_first
0,Bangladesh,India,India,6 wickets,Dhaka,"Jan 7, 2010",ODI # 2939,https://www.espncricinfo.com/India/engine/match/434260.html,Tamim Iqbal,Imrul Kayes,Mohammad Ashraful,Shakib Al Hasan (c),Raqibul Hasan,Mushfiqur Rahim †,Mahmudullah,Naeem Islam,Abdur Razzak ,Rubel Hossain ,Syed Rasel,G Gambhir,V Sehwag,V Kohli,Yuvraj Singh,MS Dhoni (c) †,SK Raina,RA Jadeja ,Harbhajan Singh ,Z Khan ,A Nehra ,S Sreesanth,Shakib Al Hasan ,MS Dhoni  †,Bangladesh,Bangladesh
1,India,Sri Lanka,India,8 wickets,Dhaka,"Jan 10, 2010",ODI # 2941,https://www.espncricinfo.com/India/engine/match/434262.html,WU Tharanga,TM Dilshan,KC Sangakkara (c) †,DPMD Jayawardene,TT Samaraweera,SHT Kandamby,NLTC Perera,S Randiv,T Thushara,UWMBCA Welegedara,RAS Lakmal,KD Karthik,G Gambhir,V Kohli,Yuvraj Singh,MS Dhoni (c) † ,SK Raina ,A Mishra ,RA Jadeja ,Z Khan ,S Sreesanth ,S Tyagi,KC Sangakkara  †,MS Dhoni  † ,Sri Lanka,Sri Lanka
2,Bangladesh,India,India,6 wickets,Dhaka,"Jan 11, 2010",ODI # 2942,https://www.espncricinfo.com/India/engine/match/434263.html,Tamim Iqbal,Imrul Kayes,Mohammad Ashraful,Raqibul Hasan,Shakib Al Hasan (c),Mushfiqur Rahim †,Mahmudullah,Naeem Islam,Abdur Razzak ,Syed Rasel ,Shafiul Islam,KD Karthik,G Gambhir,V Kohli,Yuvraj Singh,MS Dhoni (c) †,SK Raina,A Mishra ,RA Jadeja ,S Sreesanth ,S Tyagi ,A Nehra,Shakib Al Hasan ,MS Dhoni  †,India,Bangladesh
3,India,South Africa,India,1 run,Jaipur,"Feb 21, 2010",ODI # 2961,https://www.espncricinfo.com/India/engine/match/441827.html,V Sehwag,SR Tendulkar,KD Karthik,MS Dhoni (c) †,V Kohli,SK Raina,YK Pathan,RA Jadeja,P Kumar,A Nehra,S Sreesanth,LE Bosman,HH Gibbs,JH Kallis (c),AB de Villiers,AN Petersen,JA Morkel,MV Boucher †,J Botha,WD Parnell,DW Steyn,CK Langeveldt,MS Dhoni  †,JH Kallis ,South Africa,India
4,India,South Africa,India,153 runs,Gwalior,"Feb 24, 2010",ODI # 2962,https://www.espncricinfo.com/India/engine/match/441828.html,V Sehwag,SR Tendulkar,KD Karthik,YK Pathan,MS Dhoni (c) †,V Kohli ,SK Raina ,RA Jadeja ,P Kumar ,A Nehra ,S Sreesanth,HM Amla,HH Gibbs,RE van der Merwe,JH Kallis (c),AB de Villiers,AN Petersen,JP Duminy,MV Boucher †,WD Parnell,DW Steyn,CK Langeveldt,MS Dhoni  †,JH Kallis ,India,India
5,India,Sri Lanka,India,7 wickets,Bulawayo,"May 30, 2010",ODI # 2983,https://www.espncricinfo.com/India/engine/match/452147.html,WU Tharanga,TM Dilshan (c) †,TT Samaraweera,AD Mathews,CK Kapugedera,LPC Silva,NLTC Perera,KMDN Kulasekara,S Randiv,CRD Fernando,BAW Mendis,KD Karthik †,M Vijay,V Kohli,RG Sharma,SK Raina (c),YK Pathan ,RA Jadeja ,A Mishra ,AB Dinda ,PP Ojha ,UT Yadav,TM Dilshan  †,SK Raina ,India,Sri Lanka
6,Bangladesh,India,India,6 wickets,Dambulla,"Jun 16, 2010",ODI # 2993,https://www.espncricinfo.com/India/engine/match/455232.html,Tamim Iqbal,Imrul Kayes,Mohammad Ashraful,Mushfiqur Rahim †,Shakib Al Hasan (c),Mahmudullah,Naeem Islam,Sohrawordi Shuvo,Mashrafe Mortaza,Shafiul Islam,Syed Rasel,G Gambhir,V Sehwag,V Kohli,RG Sharma,MS Dhoni (c) †,SK Raina,RA Jadeja ,Harbhajan Singh ,P Kumar ,Z Khan ,A Nehra,Shakib Al Hasan ,MS Dhoni  †,Bangladesh,Bangladesh
7,India,Pakistan,India,3 wickets,Dambulla,"Jun 19, 2010",ODI # 2996,https://www.espncricinfo.com/India/engine/match/455234.html,Salman Butt,Imran Farhat,Shoaib Malik,Umar Akmal,Umar Amin,Shahid Afridi (c),Kamran Akmal †,Abdul Razzaq,Mohammad Amir,Shoaib Akhtar,Saeed Ajmal,G Gambhir,V Sehwag,V Kohli,MS Dhoni (c) †,RG Sharma,SK Raina,RA Jadeja,Harbhajan Singh,P Kumar,Z Khan ,A Nehra,Shahid Afridi ,MS Dhoni  †,Pakistan,Pakistan
8,Sri Lanka,India,India,81 runs,Dambulla,"Jun 24, 2010",ODI # 3001,https://www.espncricinfo.com/India/engine/match/455237.html,G Gambhir,KD Karthik,V Kohli,MS Dhoni (c) †,RG Sharma,SK Raina,RA Jadeja,Harbhajan Singh,P Kumar ,Z Khan ,A Nehra,WU Tharanga,TM Dilshan,KC Sangakkara (c) †,DPMD Jayawardene,AD Mathews,SHT Kandamby,CK Kapugedera,MF Maharoof,KMDN Kulasekara,SL Malinga,M Muralitharan,MS Dhoni  †,KC Sangakkara  †,India,India
9,Sri Lanka,India,India,6 wickets,Dambulla,"Aug 16, 2010",ODI # 3032,https://www.espncricinfo.com/India/engine/match/456663.html,WU Tharanga,TM Dilshan,KC Sangakkara (c) †,DPMD Jayawardene,TT Samaraweera,AD Mathews,CK Kapugedera,S Randiv,KMDN Kulasekara,SL Malinga,CRD Fernando,KD Karthik,V Sehwag,V Kohli,RG Sharma,SK Raina,MS Dhoni (c) †,RA Jadeja ,P Kumar ,I Sharma ,A Nehra ,PP Ojha,KC Sangakkara  †,MS Dhoni  †,Sri Lanka,Sri Lanka
10,India,New Zealand,India,105 runs,Dambulla,"Aug 25, 2010",ODI # 3039,https://www.espncricinfo.com/India/engine/match/456665.html,KD Karthik,V Sehwag,V Kohli,Yuvraj Singh,SK Raina,MS Dhoni (c) †,RA Jadeja,P Kumar,A Nehra,I Sharma,MM Patel,BJ Watling,MJ Guptill,LRPL Taylor (c),GD Elliott,SB Styris,KS Williamson,GJ Hopkins †,NL McCullum,KD Mills,TG Southee,AJ McKay,MS Dhoni  †,LRPL Taylor ,India,India
11,India,Australia,India,5 wickets,Visakhapatnam,"Oct 20, 2010",ODI # 3060,https://www.espncricinfo.com/India/engine/match/464529.html,SE Marsh,TD Paine †,MJ Clarke (c),MEK Hussey,CL White,SPD Smith ,JR Hopes ,JW Hastings ,NM Hauritz ,MA Starc ,CJ McKay,S Dhawan,M Vijay,V Kohli,Yuvraj Singh,SK Raina,MS Dhoni (c) †,SS Tiwary,R Ashwin ,P Kumar ,R Vinay Kumar ,A Nehra,MJ Clarke ,MS Dhoni  †,India,Australia
12,India,New Zealand,India,40 runs,Guwahati,"Nov 28, 2010",ODI # 3070,https://www.espncricinfo.com/India/engine/match/467883.html,M Vijay,G Gambhir (c),V Kohli,Yuvraj Singh,SK Raina,YK Pathan,WP Saha †,R Ashwin,A Nehra,S Sreesanth,MM Patel,MJ Guptill,JM How,KS Williamson,LRPL Taylor (c),SB Styris,GD Elliott,DR Tuffey,GJ Hopkins †,NL McCullum,KD Mills,AJ McKay,G Gambhir ,LRPL Taylor ,New Zealand,India
13,India,New Zealand,India,8 wickets,Jaipur,"Dec 1, 2010",ODI # 3072,https://www.espncricinfo.com/India/engine/match/467884.html,MJ Guptill,JM How,KS Williamson,LRPL Taylor,SB Styris,DL Vettori (c),GJ Hopkins †,NL McCullum,KD Mills,TG Southee,AJ McKay,M Vijay,G Gambhir (c),V Kohli,Yuvraj Singh,SK Raina ,YK Pathan ,WP Saha † ,R Ashwin ,A Nehra ,S Sreesanth ,MM Patel,DL Vettori ,G Gambhir ,India,New Zealand
14,India,New Zealand,India,9 wickets,Vadodara,"Dec 4, 2010",ODI # 3074,https://www.espncricinfo.com/India/engine/match/467885.html,MJ Guptill,BB McCullum,KS Williamson,LRPL Taylor,SB Styris,JEC Franklin,DL Vettori (c),GJ Hopkins †,NL McCullum,KD Mills,AJ McKay,M Vijay,G Gambhir (c),V Kohli,Yuvraj Singh ,YK Pathan ,RA Jadeja ,WP Saha † ,R Ashwin ,A Nehra ,MM Patel ,Z Khan,DL Vettori ,G Gambhir ,India,New Zealand
15,India,New Zealand,India,5 wickets,Bengaluru,"Dec 7, 2010",ODI # 3076,https://www.espncricinfo.com/India/engine/match/467886.html,MJ Guptill,BB McCullum †,JM How,LRPL Taylor,SB Styris,JEC Franklin,DL Vettori (c),KD Mills,NL McCullum,TG Southee ,AJ McKay,G Gambhir (c),PA Patel †,V Kohli,Yuvraj Singh,RG Sharma,YK Pathan,SS Tiwary,R Ashwin ,P Kumar ,Z Khan ,A Nehra,DL Vettori ,G Gambhir ,India,New Zealand
16,India,New Zealand,India,8 wickets,Chennai,"Dec 10, 2010",ODI # 3077,https://www.espncricinfo.com/India/engine/match/467887.html,MJ Guptill,BB McCullum †,JM How,LRPL Taylor,SB Styris,JEC Franklin,GD Elliott,DL Vettori (c),NL McCullum,KD Mills,TG Southee,G Gambhir (c),PA Patel †,V Kohli,Yuvraj Singh,RG Sharma ,YK Pathan ,SS Tiwary ,R Ashwin ,P Kumar ,A Nehra ,MM Patel,DL Vettori ,G Gambhir ,New Zealand,New Zealand
17,South Africa,India,India,1 run,Johannesburg,"Jan 15, 2011",ODI # 3080,https://www.espncricinfo.com/India/engine/match/463151.html,M Vijay,SR Tendulkar,V Kohli,Yuvraj Singh,MS Dhoni (c) †,SK Raina,RG Sharma,Harbhajan Singh,Z Khan,A Nehra,MM Patel,HM Amla,GC Smith (c),CA Ingram,AB de Villiers †,JP Duminy,DA Miller,J Botha,WD Parnell,DW Steyn,M Morkel,LL Tsotsobe,MS Dhoni  †,GC Smith ,India,India
18,South Africa,India,India,2 wickets,Cape Town,"Jan 18, 2011",ODI # 3082,https://www.espncricinfo.com/India/engine/match/463152.html,GC Smith (c),HM Amla,CA Ingram,AB de Villiers †,JP Duminy,F du Plessis,J Botha,WD Parnell,DW Steyn,M Morkel,LL Tsotsobe,RG Sharma,M Vijay,V Kohli,Yuvraj Singh,MS Dhoni (c) †,SK Raina,YK Pathan,Harbhajan Singh,Z Khan,A Nehra,MM Patel,GC Smith ,MS Dhoni  †,South Africa,South Africa
19,Bangladesh,India,India,87 runs,Dhaka,"Feb 19, 2011",ODI # 3100,https://www.espncricinfo.com/India/engine/match/433558.html,V Sehwag,SR Tendulkar,G Gambhir,V Kohli,YK Pathan,Yuvraj Singh ,MS Dhoni (c) † ,Harbhajan Singh ,Z Khan ,S Sreesanth ,MM Patel,Tamim Iqbal,Imrul Kayes,Junaid Siddique,Shakib Al Hasan (c),Mushfiqur Rahim †,Raqibul Hasan,Mahmudullah,Naeem Islam,Abdur Razzak,Shafiul Islam,Rubel Hossain,MS Dhoni  † ,Shakib Al Hasan ,Bangladesh,India
20,India,Ireland,India,5 wickets,Bengaluru,"Mar 6, 2011",ODI # 3121,https://www.espncricinfo.com/India/engine/match/433578.html,WTS Porterfield (c),PR Stirling,EC Joyce,NJ O'Brien †,AR White,KJ O'Brien,AR Cusack,JF Mooney,DT Johnston,GH Dockrell,WB Rankin,V Sehwag,SR Tendulkar,G Gambhir,V Kohli,Yuvraj Singh,MS Dhoni (c) †,YK Pathan,Harbhajan Singh ,PP Chawla ,Z Khan ,MM Patel,WTS Porterfield ,MS Dhoni  †,India,Ireland
21,India,Netherlands,India,5 wickets,Delhi,"Mar 9, 2011",ODI # 3124,https://www.espncricinfo.com/India/engine/match/433582.html,ES Szwarczynski,W Barresi †,TLW Cooper,RN ten Doeschate,AN Kervezee,B Zuiderent,TN de Grooth,PW Borren (c),BP Kruger,Mudassar Bukhari,PM Seelaar,V Sehwag,SR Tendulkar,YK Pathan,G Gambhir,V Kohli,Yuvraj Singh,MS Dhoni (c) †,Harbhajan Singh ,PP Chawla ,Z Khan ,A Nehra,PW Borren ,MS Dhoni  †,Netherlands,Netherlands
22,India,West Indies,India,80 runs,Chennai,"Mar 20, 2011",ODI # 3141,https://www.espncricinfo.com/India/engine/match/433599.html,G Gambhir,SR Tendulkar,V Kohli,Yuvraj Singh,MS Dhoni (c) †,SK Raina,YK Pathan,Harbhajan Singh,R Ashwin,Z Khan,MM Patel,DS Smith,KA Edwards,DM Bravo,RR Sarwan,KA Pollard,DC Thomas †,DJG Sammy (c),AD Russell,SJ Benn,D Bishoo,R Rampaul,MS Dhoni  †,DJG Sammy ,India,India
23,India,Australia,India,5 wickets,Ahmedabad,"Mar 24, 2011",ODI # 3143,https://www.espncricinfo.com/India/engine/match/433601.html,SR Watson,BJ Haddin †,RT Ponting (c),MJ Clarke,MEK Hussey,CL White,DJ Hussey,MG Johnson,B Lee ,JJ Krejza ,SW Tait,V Sehwag,SR Tendulkar,G Gambhir,V Kohli,Yuvraj Singh,MS Dhoni (c) †,SK Raina,R Ashwin ,Harbhajan Singh ,Z Khan ,MM Patel,RT Ponting ,MS Dhoni  †,Australia,Australia
24,India,Pakistan,India,29 runs,Mohali,"Mar 30, 2011",ODI # 3147,https://www.espncricinfo.com/India/engine/match/433605.html,V Sehwag,SR Tendulkar,G Gambhir,V Kohli,Yuvraj Singh,MS Dhoni (c) †,SK Raina,Harbhajan Singh,Z Khan,A Nehra,MM Patel,Kamran Akmal †,Mohammad Hafeez,Asad Shafiq,Younis Khan,Misbah-ul-Haq,Umar Akmal,Abdul Razzaq,Shahid Afridi (c),Wahab Riaz,Umar Gul,Saeed Ajmal,MS Dhoni  †,Shahid Afridi ,India,India
25,India,Sri Lanka,India,6 wickets,Mumbai,"Apr 2, 2011",ODI # 3148,https://www.espncricinfo.com/India/engine/match/433606.html,WU Tharanga,TM Dilshan,KC Sangakkara (c) †,DPMD Jayawardene,TT Samaraweera,CK Kapugedera,KMDN Kulasekara,NLTC Perera,SL Malinga ,S Randiv ,M Muralitharan,V Sehwag,SR Tendulkar,G Gambhir,V Kohli,MS Dhoni (c) †,Yuvraj Singh,SK Raina ,Harbhajan Singh ,Z Khan ,MM Patel ,S Sreesanth,KC Sangakkara  †,MS Dhoni  †,Sri Lanka,Sri Lanka
26,West Indies,India,India,4 wickets,Port of Spain,"Jun 6, 2011",ODI # 3159,https://www.espncricinfo.com/India/engine/match/489221.html,LMP Simmons,KA Edwards,DM Bravo,RR Sarwan,MN Samuels,DJ Bravo,CS Baugh †,DJG Sammy (c),R Rampaul,D Bishoo,A Martin,PA Patel †,S Dhawan,V Kohli,S Badrinath,RG Sharma,SK Raina (c),YK Pathan,Harbhajan Singh,P Kumar ,MM Patel ,A Mishra,DJG Sammy ,SK Raina ,West Indies,West Indies
27,West Indies,India,India,7 wickets,Port of Spain,"Jun 8, 2011",ODI # 3160,https://www.espncricinfo.com/India/engine/match/489222.html,LMP Simmons,KA Edwards,RR Sarwan,MN Samuels,DJ Bravo,KA Pollard,CS Baugh †,DJG Sammy (c),R Rampaul,D Bishoo,A Martin,PA Patel †,S Dhawan,V Kohli,SK Raina (c),RG Sharma,S Badrinath ,YK Pathan ,P Kumar ,Harbhajan Singh ,MM Patel ,A Mishra,DJG Sammy ,SK Raina ,India,West Indies
28,West Indies,India,India,3 wickets,North Sound,"Jun 11, 2011",ODI # 3161,https://www.espncricinfo.com/India/engine/match/489223.html,LMP Simmons,KA Edwards,RR Sarwan,MN Samuels,DP Hyatt,KA Pollard,CS Baugh †,DJG Sammy (c),AD Russell,KAJ Roach,D Bishoo,PA Patel †,S Dhawan,V Kohli,S Badrinath,RG Sharma,SK Raina (c),YK Pathan,Harbhajan Singh,P Kumar,MM Patel ,A Mishra,DJG Sammy ,SK Raina ,India,West Indies
29,India,England,India,126 runs,Hyderabad (Deccan),"Oct 14, 2011",ODI # 3199,https://www.espncricinfo.com/India/engine/match/521218.html,PA Patel,AM Rahane,G Gambhir,V Kohli,SK Raina,MS Dhoni (c) †,RA Jadeja,R Ashwin,P Kumar,R Vinay Kumar ,UT Yadav,AN Cook (c),C Kieswetter †,KP Pietersen,IJL Trott,RS Bopara,JM Bairstow,SR Patel,TT Bresnan,GP Swann,ST Finn,JW Dernbach,MS Dhoni  †,AN Cook ,India,India
30,India,England,India,8 wickets,Delhi,"Oct 17, 2011",ODI # 3201,https://www.espncricinfo.com/India/engine/match/521219.html,AN Cook (c),C Kieswetter †,IJL Trott,KP Pietersen,RS Bopara,JM Bairstow,SR Patel,TT Bresnan,GP Swann,ST Finn,JW Dernbach,PA Patel,AM Rahane,G Gambhir,V Kohli,SK Raina ,MS Dhoni (c) † ,RA Jadeja ,R Ashwin ,R Vinay Kumar ,UT Yadav ,P Kumar,AN Cook ,MS Dhoni  † ,England,England
31,India,England,India,5 wickets,Mohali,"Oct 20, 2011",ODI # 3205,https://www.espncricinfo.com/India/engine/match/521220.html,AN Cook (c),C Kieswetter †,IJL Trott,KP Pietersen,RS Bopara,SR Patel,JM Bairstow ,TT Bresnan ,GP Swann ,ST Finn ,JW Dernbach,PA Patel,AM Rahane,G Gambhir,V Kohli,SK Raina,MS Dhoni (c) †,RA Jadeja,R Ashwin ,R Vinay Kumar ,UT Yadav ,P Kumar,AN Cook ,MS Dhoni  †,England,England
32,India,England,India,6 wickets,Mumbai,"Oct 23, 2011",ODI # 3207,https://www.espncricinfo.com/India/engine/match/521221.html,AN Cook (c),C Kieswetter †,IJL Trott,KP Pietersen,RS Bopara,JM Bairstow,SR Patel,TT Bresnan,SG Borthwick,SC Meaker,ST Finn,PA Patel,AM Rahane,G Gambhir,V Kohli,SK Raina,MS Dhoni (c) †,RA Jadeja ,R Ashwin ,R Vinay Kumar ,P Kumar ,VR Aaron,AN Cook ,MS Dhoni  †,England,England
33,India,England,India,95 runs,Kolkata,"Oct 25, 2011",ODI # 3210,https://www.espncricinfo.com/India/engine/match/521222.html,AM Rahane,G Gambhir,V Kohli,MK Tiwary,SK Raina,MS Dhoni (c) †,RA Jadeja,R Ashwin,P Kumar,R Vinay Kumar,VR Aaron,C Kieswetter †,AN Cook (c),IJL Trott,IR Bell,RS Bopara,JM Bairstow,SR Patel,TT Bresnan,GP Swann,SC Meaker,ST Finn,MS Dhoni  †,AN Cook ,England,India
34,India,West Indies,India,1 wicket,Cuttack,"Nov 29, 2011",ODI # 3217,https://www.espncricinfo.com/India/engine/match/536929.html,LMP Simmons,AB Barath,MN Samuels,DM Bravo,DP Hyatt,KA Pollard,D Ramdin †,DJG Sammy (c),AD Russell,KAJ Roach,A Martin,PA Patel †,V Sehwag (c),G Gambhir,V Kohli,RG Sharma,SK Raina,RA Jadeja,R Ashwin,R Vinay Kumar,VR Aaron,UT Yadav,DJG Sammy ,V Sehwag ,India,West Indies
35,India,West Indies,India,5 wickets,Visakhapatnam,"Dec 2, 2011",ODI # 3219,https://www.espncricinfo.com/India/engine/match/536930.html,LMP Simmons,AB Barath,MN Samuels,DM Bravo,DP Hyatt,D Ramdin †,KA Pollard,DJG Sammy (c),AD Russell,R Rampaul,KAJ Roach,PA Patel †,V Sehwag (c),G Gambhir,V Kohli,RG Sharma,SK Raina,RA Jadeja,R Ashwin ,R Vinay Kumar ,VR Aaron ,UT Yadav,DJG Sammy ,V Sehwag ,India,West Indies
36,India,West Indies,India,153 runs,Indore,"Dec 8, 2011",ODI # 3223,https://www.espncricinfo.com/India/engine/match/536932.html,G Gambhir,V Sehwag (c),SK Raina,RA Jadeja,RG Sharma,V Kohli,PA Patel †,R Ashwin ,R Vinay Kumar ,A Mithun ,R Sharma,LMP Simmons,KOA Powell,MN Samuels,DP Hyatt,D Ramdin †,KA Pollard,AD Russell,DJG Sammy (c),R Rampaul,KAJ Roach,SP Narine,V Sehwag ,DJG Sammy ,India,India
37,India,West Indies,India,34 runs,Chennai,"Dec 11, 2011",ODI # 3224,https://www.espncricinfo.com/India/engine/match/536933.html,G Gambhir (c),AM Rahane,PA Patel †,MK Tiwary,V Kohli,RG Sharma,SK Raina,IK Pathan,RA Jadeja ,A Mithun ,R Sharma,LMP Simmons,KOA Powell,MN Samuels,JN Mohammed,D Ramdin †,KA Pollard,AD Russell,DJG Sammy (c),SP Narine,KAJ Roach,A Martin,G Gambhir ,DJG Sammy ,India,India
38,India,Sri Lanka,India,4 wickets,Perth,"Feb 8, 2012",ODI # 3233,https://www.espncricinfo.com/India/engine/match/518957.html,WU Tharanga,TM Dilshan,KC Sangakkara †,LD Chandimal,DPMD Jayawardene (c),NLTC Perera,AD Mathews,HDRL Thirimanne,KMDN Kulasekara,SL Malinga,KTGD Prasad,V Sehwag,SR Tendulkar,V Kohli,RG Sharma,SK Raina,MS Dhoni (c) †,RA Jadeja,R Ashwin,R Vinay Kumar ,P Kumar ,Z Khan,DPMD Jayawardene ,MS Dhoni  †,Sri Lanka,Sri Lanka
39,Australia,India,India,4 wickets,Adelaide,"Feb 12, 2012",ODI # 3237,https://www.espncricinfo.com/India/engine/match/518959.html,DA Warner,RT Ponting,MJ Clarke (c),PJ Forrest,DJ Hussey,DT Christian,MS Wade †,RJ Harris,CJ McKay,MA Starc ,XJ Doherty,G Gambhir,V Sehwag,V Kohli,RG Sharma,SK Raina,MS Dhoni (c) †,RA Jadeja,R Ashwin,R Vinay Kumar ,Z Khan ,UT Yadav,MJ Clarke ,MS Dhoni  †,Australia,Australia
40,India,Sri Lanka,India,7 wickets,Hobart,"Feb 28, 2012",ODI # 3251,https://www.espncricinfo.com/India/engine/match/518966.html,DPMD Jayawardene (c),TM Dilshan,KC Sangakkara †,NLTC Perera,AD Mathews,LD Chandimal,HDRL Thirimanne ,MF Maharoof ,KMDN Kulasekara ,SL Malinga ,HMRKB Herath,V Sehwag,SR Tendulkar,G Gambhir,V Kohli,SK Raina,MS Dhoni (c) † ,RA Jadeja ,R Ashwin ,P Kumar ,Z Khan ,UT Yadav,DPMD Jayawardene ,MS Dhoni  † ,India,Sri Lanka
41,India,Sri Lanka,India,50 runs,Dhaka,"Mar 13, 2012",ODI # 3259,https://www.espncricinfo.com/India/engine/match/535795.html,G Gambhir,SR Tendulkar,V Kohli,MS Dhoni (c) †,SK Raina,RG Sharma ,RA Jadeja ,IK Pathan ,R Ashwin ,P Kumar ,R Vinay Kumar,DPMD Jayawardene (c),TM Dilshan,KC Sangakkara †,LD Chandimal,HDRL Thirimanne,KMDN Kulasekara,WU Tharanga,CK Kapugedera,MF Maharoof,S Prasanna,RAS Lakmal,MS Dhoni  †,DPMD Jayawardene ,Sri Lanka,India
42,India,Pakistan,India,6 wickets,Dhaka,"Mar 18, 2012",ODI # 3263,https://www.espncricinfo.com/India/engine/match/535798.html,Mohammad Hafeez,Nasir Jamshed,Umar Akmal †,Younis Khan,Shahid Afridi,Hammad Azam,Misbah-ul-Haq (c),Umar Gul,Saeed Ajmal ,Aizaz Cheema ,Wahab Riaz,G Gambhir,SR Tendulkar,V Kohli,RG Sharma,SK Raina,MS Dhoni (c) †,YK Pathan ,IK Pathan ,R Ashwin ,P Kumar ,AB Dinda,Misbah-ul-Haq ,MS Dhoni  †,Pakistan,Pakistan
43,Sri Lanka,India,India,21 runs,Hambantota,"Jul 21, 2012",ODI # 3291,https://www.espncricinfo.com/India/engine/match/564781.html,G Gambhir,V Sehwag,V Kohli,RG Sharma,SK Raina,MS Dhoni (c) †,IK Pathan,R Ashwin,Z Khan ,UT Yadav ,PP Ojha,WU Tharanga,TM Dilshan,KC Sangakkara †,LD Chandimal,DPMD Jayawardene (c),AD Mathews,HDRL Thirimanne,NLTC Perera,HMRKB Herath,SL Malinga,KMDN Kulasekara,MS Dhoni  †,DPMD Jayawardene ,India,India
44,Sri Lanka,India,India,5 wickets,Colombo (RPS),"Jul 28, 2012",ODI # 3293,https://www.espncricinfo.com/India/engine/match/564783.html,WU Tharanga,TM Dilshan,KC Sangakkara †,LD Chandimal,DPMD Jayawardene (c),AD Mathews,BMAJ Mendis,NLTC Perera ,HMRKB Herath ,I Udana ,SL Malinga,G Gambhir,V Sehwag,V Kohli,MS Dhoni (c) †,RG Sharma,SK Raina,IK Pathan,R Ashwin ,Z Khan ,R Sharma ,AB Dinda,DPMD Jayawardene ,MS Dhoni  †,Sri Lanka,Sri Lanka
45,Sri Lanka,India,India,6 wickets,Colombo (RPS),"Jul 31, 2012",ODI # 3294,https://www.espncricinfo.com/India/engine/match/564784.html,WU Tharanga,TM Dilshan,HDRL Thirimanne,LD Chandimal †,DPMD Jayawardene (c),AD Mathews,BMAJ Mendis,NLTC Perera,HMRKB Herath,SL Malinga,N Pradeep,G Gambhir,V Sehwag,V Kohli,RG Sharma,MK Tiwary,SK Raina,MS Dhoni (c) † ,IK Pathan ,R Ashwin ,Z Khan ,AB Dinda,DPMD Jayawardene ,MS Dhoni  † ,Sri Lanka,Sri Lanka
46,Sri Lanka,India,India,20 runs,Pallekele,"Aug 4, 2012",ODI # 3295,https://www.espncricinfo.com/India/engine/match/564785.html,G Gambhir,AM Rahane,V Kohli,RG Sharma,MK Tiwary,SK Raina,MS Dhoni (c) †,IK Pathan,R Ashwin,Z Khan ,AB Dinda,WU Tharanga,TM Dilshan,HDRL Thirimanne,LD Chandimal †,AD Mathews (c),CK Kapugedera,BMAJ Mendis,NLTC Perera,SMSM Senanayake,SL Malinga,N Pradeep,MS Dhoni  †,AD Mathews ,India,India
47,India,Pakistan,India,10 runs,Delhi,"Jan 6, 2013",ODI # 3316,https://www.espncricinfo.com/India/engine/match/589310.html,G Gambhir,AM Rahane,V Kohli,Yuvraj Singh,SK Raina,MS Dhoni (c) †,R Ashwin,RA Jadeja,B Kumar,I Sharma,Mohammed Shami,Nasir Jamshed,Kamran Akmal †,Younis Khan,Misbah-ul-Haq (c),Umar Akmal,Shoaib Malik,Mohammad Hafeez,Umar Gul,Saeed Ajmal,Junaid Khan,Mohammad Irfan,MS Dhoni  †,Misbah-ul-Haq ,India,India
48,India,England,India,127 runs,Kochi,"Jan 15, 2013",ODI # 3320,https://www.espncricinfo.com/India/engine/match/565813.html,AM Rahane,G Gambhir,V Kohli,Yuvraj Singh,SK Raina,MS Dhoni (c) †,RA Jadeja,R Ashwin,B Kumar ,I Sharma ,Mohammed Shami,AN Cook (c),IR Bell,KP Pietersen,JE Root,EJG Morgan,C Kieswetter †,SR Patel,CR Woakes,JC Tredwell,ST Finn,JW Dernbach,MS Dhoni  †,AN Cook ,India,India
49,India,England,India,7 wickets,Ranchi,"Jan 19, 2013",ODI # 3322,https://www.espncricinfo.com/India/engine/match/565814.html,AN Cook (c),IR Bell,KP Pietersen,JE Root,EJG Morgan,C Kieswetter †,SR Patel,TT Bresnan,JC Tredwell,ST Finn,JW Dernbach,G Gambhir,AM Rahane,V Kohli,Yuvraj Singh,MS Dhoni (c) †,SK Raina ,RA Jadeja ,R Ashwin ,B Kumar ,I Sharma ,Mohammed Shami,AN Cook ,MS Dhoni  †,India,England
50,India,England,India,5 wickets,Mohali,"Jan 23, 2013",ODI # 3327,https://www.espncricinfo.com/India/engine/match/565815.html,AN Cook (c),IR Bell,KP Pietersen,EJG Morgan,SR Patel,JE Root,JC Buttler †,TT Bresnan,JC Tredwell,ST Finn ,JW Dernbach,G Gambhir,RG Sharma,V Kohli,Yuvraj Singh,SK Raina,MS Dhoni (c) †,RA Jadeja,R Ashwin ,B Kumar ,I Sharma ,Mohammed Shami,AN Cook ,MS Dhoni  †,India,England
51,India,South Africa,India,26 runs,Cardiff,"Jun 6, 2013",ODI # 3363,https://www.espncricinfo.com/India/engine/match/578614.html,RG Sharma,S Dhawan,V Kohli,KD Karthik,MS Dhoni (c) †,SK Raina,RA Jadeja,R Ashwin,B Kumar,I Sharma ,UT Yadav,HM Amla,CA Ingram,RJ Peterson,AB de Villiers (c) †,JP Duminy,F du Plessis,DA Miller,R McLaren,RK Kleinveldt,LL Tsotsobe,M Morkel,MS Dhoni  †,AB de Villiers  †,South Africa,India
52,India,West Indies,India,8 wickets,The Oval,"Jun 11, 2013",ODI # 3368,https://www.espncricinfo.com/India/engine/match/578619.html,CH Gayle,J Charles †,DM Bravo,MN Samuels,RR Sarwan,DJ Bravo (c),KA Pollard,DJG Sammy,SP Narine,R Rampaul,KAJ Roach,RG Sharma,S Dhawan,V Kohli,KD Karthik,SK Raina ,MS Dhoni (c) † ,RA Jadeja ,R Ashwin ,I Sharma ,B Kumar ,UT Yadav,DJ Bravo ,MS Dhoni  † ,India,West Indies
53,India,Pakistan,India,8 wickets,Birmingham,"Jun 15, 2013",ODI # 3372,https://www.espncricinfo.com/India/engine/match/578623.html,Nasir Jamshed,Kamran Akmal †,Mohammad Hafeez,Asad Shafiq,Misbah-ul-Haq (c),Shoaib Malik,Umar Amin,Wahab Riaz,Saeed Ajmal,Junaid Khan,Mohammad Irfan,RG Sharma,S Dhawan,V Kohli,KD Karthik,SK Raina ,MS Dhoni (c) † ,RA Jadeja ,R Ashwin ,I Sharma ,B Kumar ,UT Yadav,Misbah-ul-Haq ,MS Dhoni  † ,India,Pakistan
54,India,Sri Lanka,India,8 wickets,Cardiff,"Jun 20, 2013",ODI # 3376,https://www.espncricinfo.com/India/engine/match/566947.html,MDKJ Perera,TM Dilshan,KC Sangakkara †,HDRL Thirimanne,DPMD Jayawardene,AD Mathews (c),BMAJ Mendis,NLTC Perera,KMDN Kulasekara,SL Malinga,HMRKB Herath,RG Sharma,S Dhawan,V Kohli,SK Raina,KD Karthik ,MS Dhoni (c) † ,RA Jadeja ,R Ashwin ,I Sharma ,B Kumar ,UT Yadav,AD Mathews ,MS Dhoni  † ,India,Sri Lanka
55,England,India,India,5 runs,Birmingham,"Jun 23, 2013",ODI # 3377,https://www.espncricinfo.com/India/engine/match/566948.html,RG Sharma,S Dhawan,V Kohli,KD Karthik,SK Raina,MS Dhoni (c) †,RA Jadeja,R Ashwin,B Kumar,I Sharma ,UT Yadav,AN Cook (c),IR Bell,IJL Trott,JE Root,EJG Morgan,RS Bopara,JC Buttler †,TT Bresnan,SCJ Broad,JC Tredwell,JM Anderson,MS Dhoni  †,AN Cook ,England,India
56,West Indies,India,India,102 runs,Port of Spain,"Jul 5, 2013",ODI # 3383,https://www.espncricinfo.com/India/engine/match/597926.html,RG Sharma,S Dhawan,V Kohli (c),SK Raina,KD Karthik †,M Vijay,RA Jadeja,R Ashwin,B Kumar ,I Sharma ,UT Yadav,CH Gayle,J Charles,DM Bravo,MN Samuels,KA Pollard,DJ Bravo (c),D Ramdin †,DJG Sammy,KAJ Roach,SP Narine,TL Best,V Kohli ,DJ Bravo ,West Indies,India
57,India,Sri Lanka,India,81 runs,Port of Spain,"Jul 9, 2013",ODI # 3387,https://www.espncricinfo.com/India/engine/match/597928.html,RG Sharma,S Dhawan,V Kohli (c),KD Karthik †,SK Raina,M Vijay ,RA Jadeja ,R Ashwin ,B Kumar ,I Sharma ,UT Yadav,WU Tharanga,DPMD Jayawardene,KC Sangakkara †,LD Chandimal,HDRL Thirimanne,AD Mathews (c),BMAJ Mendis,LHD Dilhara,HMRKB Herath,RMS Eranga,SL Malinga,V Kohli ,AD Mathews ,Sri Lanka,India
58,India,Sri Lanka,India,1 wicket,Port of Spain,"Jul 11, 2013",ODI # 3388,https://www.espncricinfo.com/India/engine/match/597929.html,WU Tharanga,DPMD Jayawardene,KC Sangakkara †,HDRL Thirimanne,AD Mathews (c),MDKJ Perera,LD Chandimal,HMRKB Herath,RMS Eranga,SL Malinga,RAS Lakmal,RG Sharma,S Dhawan,V Kohli,KD Karthik,SK Raina,MS Dhoni (c) †,RA Jadeja,R Ashwin,B Kumar,R Vinay Kumar,I Sharma,AD Mathews ,MS Dhoni  †,India,Sri Lanka
59,Zimbabwe,India,India,6 wickets,Harare,"Jul 24, 2013",ODI # 3395,https://www.espncricinfo.com/India/engine/match/643665.html,V Sibanda,Sikandar Raza,SC Williams,H Masakadza,BRM Taylor (c) †,MN Waller,E Chigumbura,CT Mutombodzi,P Utseya,KM Jarvis ,TL Chatara,RG Sharma,S Dhawan,V Kohli (c),AT Rayudu,SK Raina,KD Karthik †,RA Jadeja ,A Mishra ,Mohammed Shami ,R Vinay Kumar ,JD Unadkat,BRM Taylor  †,V Kohli ,India,Zimbabwe
60,Zimbabwe,India,India,58 runs,Harare,"Jul 26, 2013",ODI # 3397,https://www.espncricinfo.com/India/engine/match/643667.html,RG Sharma,S Dhawan,V Kohli (c),AT Rayudu,SK Raina,KD Karthik †,RA Jadeja,A Mishra,R Vinay Kumar,Mohammed Shami,JD Unadkat,V Sibanda,Sikandar Raza,H Masakadza,BRM Taylor (c) †,SC Williams,MN Waller,E Chigumbura,P Utseya,KM Jarvis,BV Vitori,TL Chatara,V Kohli ,BRM Taylor  †,Zimbabwe,India
61,Zimbabwe,India,India,7 wickets,Harare,"Jul 28, 2013",ODI # 3399,https://www.espncricinfo.com/India/engine/match/643669.html,V Sibanda,Sikandar Raza,H Masakadza,BRM Taylor (c) †,SC Williams,MN Waller,E Chigumbura,P Utseya,TL Chatara,BV Vitori,MT Chinouya,RG Sharma,S Dhawan,V Kohli (c),AT Rayudu,SK Raina,KD Karthik † ,RA Jadeja ,A Mishra ,Mohammed Shami ,R Vinay Kumar ,JD Unadkat,BRM Taylor  †,V Kohli ,India,Zimbabwe
62,Zimbabwe,India,India,9 wickets,Bulawayo,"Aug 1, 2013",ODI # 3402,https://www.espncricinfo.com/India/engine/match/643675.html,V Sibanda,Sikandar Raza,H Masakadza,BRM Taylor (c) †,SC Williams,MN Waller,E Chigumbura,P Utseya,TL Chatara,BV Vitori,MT Chinouya,CA Pujara,RG Sharma,SK Raina,V Kohli (c) ,KD Karthik † ,AT Rayudu ,RA Jadeja ,A Mishra ,Mohammed Shami ,MM Sharma ,JD Unadkat,BRM Taylor  †,V Kohli  ,India,Zimbabwe
63,Zimbabwe,India,India,7 wickets,Bulawayo,"Aug 3, 2013",ODI # 3403,https://www.espncricinfo.com/India/engine/match/643677.html,V Sibanda,H Masakadza,BRM Taylor (c) †,T Maruma,SC Williams,MN Waller,E Chigumbura,CT Mutombodzi,N M'shangwe,KM Jarvis,BV Vitori,CA Pujara,S Dhawan,AM Rahane,RA Jadeja,KD Karthik †,V Kohli (c) ,SK Raina ,A Mishra ,Mohammed Shami ,MM Sharma ,JD Unadkat,BRM Taylor  †,V Kohli  ,India,Zimbabwe
64,India,Australia,India,9 wickets,Jaipur,"Oct 16, 2013",ODI # 3420,https://www.espncricinfo.com/India/engine/match/647251.html,AJ Finch,PJ Hughes,SR Watson,GJ Bailey (c),GJ Maxwell,AC Voges,BJ Haddin †,JP Faulkner ,MG Johnson ,CJ McKay ,XJ Doherty,RG Sharma,S Dhawan,V Kohli,SK Raina ,Yuvraj Singh ,MS Dhoni (c) † ,RA Jadeja ,R Ashwin ,B Kumar ,R Vinay Kumar ,I Sharma,GJ Bailey ,MS Dhoni  † ,Australia,Australia
65,India,Australia,India,6 wickets,Nagpur,"Oct 30, 2013",ODI # 3424,https://www.espncricinfo.com/India/engine/match/647259.html,PJ Hughes,AJ Finch,SR Watson,GJ Bailey (c),GJ Maxwell,AC Voges,MG Johnson,BJ Haddin †,JP Faulkner ,CJ McKay ,XJ Doherty,RG Sharma,S Dhawan,V Kohli,SK Raina,Yuvraj Singh,MS Dhoni (c) †,RA Jadeja ,R Ashwin ,B Kumar ,A Mishra ,Mohammed Shami,GJ Bailey ,MS Dhoni  †,India,Australia
66,India,Australia,India,57 runs,Bengaluru,"Nov 2, 2013",ODI # 3428,https://www.espncricinfo.com/India/engine/match/647261.html,RG Sharma,S Dhawan,V Kohli,SK Raina,Yuvraj Singh,MS Dhoni (c) †,RA Jadeja,R Ashwin ,B Kumar ,R Vinay Kumar ,Mohammed Shami,AJ Finch,PJ Hughes,BJ Haddin †,GJ Bailey (c),AC Voges,GJ Maxwell,JP Faulkner,SR Watson,NM Coulter-Nile,CJ McKay,XJ Doherty,MS Dhoni  †,GJ Bailey ,Australia,India
67,India,West Indies,India,6 wickets,Kochi,"Nov 21, 2013",ODI # 3436,https://www.espncricinfo.com/India/engine/match/676529.html,CH Gayle,J Charles †,MN Samuels,DM Bravo,LMP Simmons,N Deonarine,DJ Bravo (c),DJG Sammy,JO Holder,SP Narine,R Rampaul,RG Sharma,S Dhawan,V Kohli,Yuvraj Singh,SK Raina,MS Dhoni (c) †,RA Jadeja ,R Ashwin ,B Kumar ,Mohammed Shami ,JD Unadkat,DJ Bravo ,MS Dhoni  †,West Indies,West Indies
68,India,West Indies,India,5 wickets,Kanpur,"Nov 27, 2013",ODI # 3439,https://www.espncricinfo.com/India/engine/match/676533.html,J Charles †,KOA Powell,MN Samuels,DM Bravo,LMP Simmons,DJ Bravo (c),DJG Sammy,SP Narine ,V Permaul ,JO Holder ,R Rampaul,RG Sharma,S Dhawan,V Kohli,Yuvraj Singh,SK Raina,MS Dhoni (c) †,RA Jadeja,R Ashwin ,B Kumar ,Mohammed Shami ,MM Sharma,DJ Bravo ,MS Dhoni  †,India,West Indies
69,Bangladesh,India,India,6 wickets,Fatullah,"Feb 26, 2014",ODI # 3474,https://www.espncricinfo.com/India/engine/match/710293.html,Anamul Haque †,Shamsur Rahman,Mominul Haque,Mushfiqur Rahim (c),Naeem Islam,Nasir Hossain,Ziaur Rahman,Sohag Gazi,Mashrafe Mortaza,Abdur Razzak ,Rubel Hossain,RG Sharma,S Dhawan,V Kohli (c),AM Rahane,AT Rayudu,KD Karthik †,RA Jadeja ,R Ashwin ,B Kumar ,Mohammed Shami ,VR Aaron,Mushfiqur Rahim ,V Kohli ,India,Bangladesh
70,Afghanistan,India,India,8 wickets,Dhaka,"Mar 5, 2014",ODI # 3483,https://www.espncricinfo.com/India/engine/match/710307.html,Noor Ali Zadran,Nawroz Mangal,Rahmat Shah,Asghar Afghan,Najibullah Zadran,Mohammad Nabi (c),Mohammad Shahzad †,Samiullah Shinwari,Mirwais Ashraf,Shapoor Zadran,Dawlat Zadran,AM Rahane,S Dhawan,RG Sharma,KD Karthik †,V Kohli (c) ,AT Rayudu ,RA Jadeja ,R Ashwin ,A Mishra ,B Kumar ,Mohammed Shami,Mohammad Nabi ,V Kohli  ,India,Afghanistan
71,Bangladesh,India,India,7 wickets,Dhaka,"Jun 15, 2014",ODI # 3497,https://www.espncricinfo.com/India/engine/match/744679.html,Tamim Iqbal,Anamul Haque,Mominul Haque,Mushfiqur Rahim (c) †,Shakib Al Hasan,Mahmudullah,Nasir Hossain,Ziaur Rahman,Mashrafe Mortaza,Abdur Razzak,Al-Amin Hossain,RV Uthappa,AM Rahane,CA Pujara,AT Rayudu,SK Raina (c),WP Saha † ,AR Patel ,Parvez Rasool ,A Mishra ,UT Yadav ,MM Sharma,Mushfiqur Rahim  †,SK Raina ,Bangladesh,Bangladesh
72,Bangladesh,India,India,47 runs,Dhaka,"Jun 17, 2014",ODI # 3498,https://www.espncricinfo.com/India/engine/match/744681.html,RV Uthappa,AM Rahane,CA Pujara,AT Rayudu,SK Raina (c),WP Saha †,STR Binny,AR Patel,A Mishra,MM Sharma,UT Yadav,Tamim Iqbal,Anamul Haque,Mohammad Mithun,Mushfiqur Rahim (c) †,Shakib Al Hasan,Mahmudullah,Nasir Hossain,Ziaur Rahman,Mashrafe Mortaza,Taskin Ahmed,Al-Amin Hossain,SK Raina ,Mushfiqur Rahim  †,Bangladesh,India
73,England,India,India,133 runs,Cardiff,"Aug 27, 2014",ODI # 3517,https://www.espncricinfo.com/India/engine/match/667723.html,RG Sharma,S Dhawan,V Kohli,AM Rahane,SK Raina,MS Dhoni (c) †,RA Jadeja,R Ashwin,B Kumar ,Mohammed Shami ,MM Sharma,AN Cook (c),AD Hales,IR Bell,JE Root,EJG Morgan,JC Buttler †,BA Stokes,CR Woakes,CJ Jordan,JC Tredwell,JM Anderson,MS Dhoni  †,AN Cook ,England,India
74,England,India,India,6 wickets,Nottingham,"Aug 30, 2014",ODI # 3520,https://www.espncricinfo.com/India/engine/match/667725.html,AN Cook (c),AD Hales,IR Bell,JE Root,EJG Morgan,JC Buttler †,BA Stokes,CR Woakes,JC Tredwell,ST Finn,JM Anderson,AM Rahane,S Dhawan,V Kohli,AT Rayudu,SK Raina,RA Jadeja,MS Dhoni (c) † ,R Ashwin ,B Kumar ,Mohammed Shami ,MM Sharma,AN Cook ,MS Dhoni  † ,India,England
75,England,India,India,9 wickets,Birmingham,"Sep 2, 2014",ODI # 3523,https://www.espncricinfo.com/India/engine/match/667727.html,AN Cook (c),AD Hales,GS Ballance,JE Root,EJG Morgan,JC Buttler †,MM Ali,CR Woakes,ST Finn,JM Anderson,HF Gurney,AM Rahane,S Dhawan,V Kohli,AT Rayudu ,SK Raina ,MS Dhoni (c) † ,RA Jadeja ,R Ashwin ,DS Kulkarni ,B Kumar ,Mohammed Shami,AN Cook ,MS Dhoni  † ,India,England
76,India,West Indies,India,48 runs,Delhi,"Oct 11, 2014",ODI # 3533,https://www.espncricinfo.com/India/engine/match/770123.html,AM Rahane,S Dhawan,AT Rayudu,V Kohli,SK Raina,MS Dhoni (c) †,RA Jadeja,B Kumar,Mohammed Shami,A Mishra ,UT Yadav,DR Smith,DM Bravo,KA Pollard,MN Samuels,D Ramdin †,DJ Bravo (c),AD Russell,DJG Sammy,R Rampaul,JE Taylor,SJ Benn,MS Dhoni  †,DJ Bravo ,India,India
77,India,West Indies,India,59 runs,Dharamsala,"Oct 17, 2014",ODI # 3535,https://www.espncricinfo.com/India/engine/match/770127.html,AM Rahane,S Dhawan,V Kohli,SK Raina,MS Dhoni (c) †,RA Jadeja,AT Rayudu,AR Patel ,B Kumar ,Mohammed Shami ,UT Yadav,DR Smith,DM Bravo,KA Pollard,MN Samuels,D Ramdin †,DJ Bravo (c),DJG Sammy,AD Russell,JO Holder,JE Taylor,SJ Benn,MS Dhoni  †,DJ Bravo ,West Indies,India
78,India,Sri Lanka,India,169 runs,Cuttack,"Nov 2, 2014",ODI # 3539,https://www.espncricinfo.com/India/engine/match/792289.html,AM Rahane,S Dhawan,SK Raina,V Kohli (c),AT Rayudu,WP Saha †,AR Patel,R Ashwin ,UT Yadav ,VR Aaron ,I Sharma,WU Tharanga,TM Dilshan,KC Sangakkara †,DPMD Jayawardene,S Prasanna,AD Mathews (c),SMA Priyanjan,NLTC Perera,S Randiv,KTGD Prasad,PLS Gamage,V Kohli ,AD Mathews ,Sri Lanka,India
79,India,Sri Lanka,India,6 wickets,Ahmedabad,"Nov 6, 2014",ODI # 3540,https://www.espncricinfo.com/India/engine/match/792291.html,MDKJ Perera,TM Dilshan,KC Sangakkara †,DPMD Jayawardene,AD Mathews (c),S Prasanna,SMA Priyanjan,NLTC Perera,S Randiv,KTGD Prasad,PLS Gamage,AM Rahane,S Dhawan,AT Rayudu,V Kohli (c),SK Raina,RA Jadeja,WP Saha † ,R Ashwin ,AR Patel ,UT Yadav ,I Sharma,AD Mathews ,V Kohli ,Sri Lanka,Sri Lanka
80,India,Sri Lanka,India,6 wickets,Hyderabad (Deccan),"Nov 9, 2014",ODI # 3543,https://www.espncricinfo.com/India/engine/match/792293.html,MDKJ Perera,TM Dilshan,KC Sangakkara †,DPMD Jayawardene,AD Mathews (c),SMA Priyanjan,PC de Silva,NLTC Perera,S Prasanna,KMDN Kulasekara,PLS Gamage,AM Rahane,S Dhawan,AT Rayudu,V Kohli (c),SK Raina,WP Saha †,R Ashwin ,UT Yadav ,DS Kulkarni ,I Sharma ,AR Patel,AD Mathews ,V Kohli ,Sri Lanka,Sri Lanka
81,India,Sri Lanka,India,153 runs,Kolkata,"Nov 13, 2014",ODI # 3544,https://www.espncricinfo.com/India/engine/match/792295.html,AM Rahane,RG Sharma,AT Rayudu,V Kohli (c),SK Raina,RV Uthappa †,STR Binny ,AR Patel ,KV Sharma ,UT Yadav ,DS Kulkarni,MDKJ Perera,TM Dilshan,LD Chandimal †,DPMD Jayawardene,AD Mathews (c),HDRL Thirimanne,NLTC Perera,S Prasanna,KMDN Kulasekara,BAW Mendis,RMS Eranga,V Kohli ,AD Mathews ,India,India
82,India,Sri Lanka,India,3 wickets,Ranchi,"Nov 16, 2014",ODI # 3547,https://www.espncricinfo.com/India/engine/match/792297.html,N Dickwella,TM Dilshan,LD Chandimal †,DPMD Jayawardene,AD Mathews (c),HDRL Thirimanne,NLTC Perera,S Prasanna,BAW Mendis,RMS Eranga ,PLS Gamage,AM Rahane,RG Sharma,AT Rayudu,V Kohli (c),RV Uthappa †,KM Jadhav,STR Binny,R Ashwin,AR Patel,KV Sharma ,DS Kulkarni,AD Mathews ,V Kohli ,Sri Lanka,Sri Lanka
83,India,Pakistan,India,76 runs,Adelaide,"Feb 15, 2015",ODI # 3602,https://www.espncricinfo.com/India/engine/match/656405.html,RG Sharma,S Dhawan,V Kohli,SK Raina,MS Dhoni (c) †,RA Jadeja,AM Rahane,R Ashwin,Mohammed Shami,UT Yadav ,MM Sharma,Ahmed Shehzad,Younis Khan,Haris Sohail,Misbah-ul-Haq (c),Sohaib Maqsood,Umar Akmal †,Shahid Afridi,Wahab Riaz,Yasir Shah,Sohail Khan,Mohammad Irfan,MS Dhoni  †,Misbah-ul-Haq ,India,India
84,India,South Africa,India,130 runs,Melbourne,"Feb 22, 2015",ODI # 3610,https://www.espncricinfo.com/India/engine/match/656423.html,RG Sharma,S Dhawan,V Kohli,AM Rahane,SK Raina,MS Dhoni (c) †,RA Jadeja,R Ashwin,Mohammed Shami,UT Yadav ,MM Sharma,HM Amla,Q de Kock †,F du Plessis,AB de Villiers (c),DA Miller,JP Duminy,WD Parnell,VD Philander,DW Steyn,M Morkel,Imran Tahir,MS Dhoni  †,AB de Villiers ,India,India
85,India,U.A.E.,India,9 wickets,Perth,"Feb 28, 2015",ODI # 3618,https://www.espncricinfo.com/India/engine/match/656439.html,Amjad Ali,AR Berenger,Krishna Chandran,Khurram Khan,SP Patil †,Shaiman Anwar,Rohan Mustafa,Amjad Javed,Mohammad Naveed,Mohammad Tauqir (c),AM Guruge,RG Sharma,S Dhawan,V Kohli,AM Rahane ,SK Raina ,MS Dhoni (c) † ,RA Jadeja ,R Ashwin ,B Kumar ,UT Yadav ,MM Sharma,Mohammad Tauqir ,MS Dhoni  † ,United,United Arab Emirates
86,India,West Indies,India,4 wickets,Perth,"Mar 6, 2015",ODI # 3625,https://www.espncricinfo.com/India/engine/match/656453.html,DR Smith,CH Gayle,MN Samuels,JL Carter,D Ramdin †,LMP Simmons,DJG Sammy,AD Russell,JO Holder (c),JE Taylor,KAJ Roach,RG Sharma,S Dhawan,V Kohli,AM Rahane,SK Raina,MS Dhoni (c) †,RA Jadeja,R Ashwin,MM Sharma ,Mohammed Shami ,UT Yadav,JO Holder ,MS Dhoni  †,West Indies,West Indies
87,India,Ireland,India,8 wickets,Hamilton,"Mar 10, 2015",ODI # 3631,https://www.espncricinfo.com/India/engine/match/656465.html,WTS Porterfield (c),PR Stirling,EC Joyce,NJ O'Brien,A Balbirnie,KJ O'Brien,GC Wilson †,SR Thompson,JF Mooney,GH Dockrell,AR Cusack,RG Sharma,S Dhawan,V Kohli,AM Rahane,SK Raina ,MS Dhoni (c) † ,RA Jadeja ,R Ashwin ,Mohammed Shami ,MM Sharma ,UT Yadav,WTS Porterfield ,MS Dhoni  † ,Ireland,Ireland
88,India,Zimbabwe,India,6 wickets,Auckland,"Mar 14, 2015",ODI # 3636,https://www.espncricinfo.com/India/engine/match/656475.html,CJ Chibhabha,H Masakadza,SF Mire,BRM Taylor (c) †,SC Williams,CR Ervine,Sikandar Raza,RW Chakabva,T Panyangara,T Mupariwa,TL Chatara,RG Sharma,S Dhawan,V Kohli,AM Rahane,SK Raina,MS Dhoni (c) †,RA Jadeja ,R Ashwin ,MM Sharma ,Mohammed Shami ,UT Yadav,BRM Taylor  †,MS Dhoni  †,India,Zimbabwe
89,Bangladesh,India,India,109 runs,Melbourne,"Mar 19, 2015",ODI # 3641,https://www.espncricinfo.com/India/engine/match/656485.html,RG Sharma,S Dhawan,V Kohli,AM Rahane,SK Raina,MS Dhoni (c) †,RA Jadeja,R Ashwin,Mohammed Shami ,MM Sharma ,UT Yadav,Tamim Iqbal,Imrul Kayes,Soumya Sarkar,Mahmudullah,Shakib Al Hasan,Mushfiqur Rahim †,Sabbir Rahman,Nasir Hossain,Mashrafe Mortaza (c),Rubel Hossain,Taskin Ahmed,MS Dhoni  †,Mashrafe Mortaza ,India,India
90,Bangladesh,India,India,77 runs,Dhaka,"Jun 24, 2015",ODI # 3661,https://www.espncricinfo.com/India/engine/match/870735.html,RG Sharma,S Dhawan,V Kohli,MS Dhoni (c) †,AT Rayudu,SK Raina,STR Binny,AR Patel,R Ashwin ,DS Kulkarni ,UT Yadav,Tamim Iqbal,Soumya Sarkar,Liton Das †,Mushfiqur Rahim,Shakib Al Hasan,Sabbir Rahman,Nasir Hossain,Mashrafe Mortaza (c),Arafat Sunny,Rubel Hossain,Mustafizur Rahman,MS Dhoni  †,Mashrafe Mortaza ,Bangladesh,India
91,Zimbabwe,India,India,4 runs,Harare,"Jul 10, 2015",ODI # 3662,https://www.espncricinfo.com/India/engine/match/885959.html,AM Rahane (c),M Vijay,AT Rayudu,MK Tiwary,RV Uthappa †,KM Jadhav,STR Binny,AR Patel,Harbhajan Singh ,B Kumar ,DS Kulkarni,V Sibanda,CJ Chibhabha,H Masakadza,E Chigumbura (c),SC Williams,Sikandar Raza,R Mutumbami †,AG Cremer,DT Tiripano,BV Vitori ,T Panyangara,AM Rahane ,E Chigumbura ,Zimbabwe,India
92,Zimbabwe,India,India,62 runs,Harare,"Jul 12, 2015",ODI # 3665,https://www.espncricinfo.com/India/engine/match/885965.html,AM Rahane (c),M Vijay,AT Rayudu,MK Tiwary,RV Uthappa †,STR Binny,KM Jadhav,Harbhajan Singh,AR Patel,B Kumar,DS Kulkarni,V Sibanda,CJ Chibhabha,H Masakadza,E Chigumbura (c),SC Williams,Sikandar Raza,R Mutumbami †,AG Cremer,N Madziva,DT Tiripano,BV Vitori,AM Rahane ,E Chigumbura ,Zimbabwe,India
93,Zimbabwe,India,India,83 runs,Harare,"Jul 14, 2015",ODI # 3667,https://www.espncricinfo.com/India/engine/match/885967.html,AM Rahane (c),M Vijay,RV Uthappa †,MK Tiwary,MK Pandey,KM Jadhav,STR Binny,Harbhajan Singh ,AR Patel ,B Kumar ,MM Sharma,H Masakadza,CJ Chibhabha,RW Chakabva,E Chigumbura (c),R Mutumbami †,Sikandar Raza,MN Waller,AG Cremer,P Utseya,DT Tiripano,N Madziva,AM Rahane ,E Chigumbura ,Zimbabwe,India
94,India,South Africa,India,22 runs,Indore,"Oct 14, 2015",ODI # 3692,https://www.espncricinfo.com/India/engine/match/903595.html,RG Sharma,S Dhawan,AM Rahane,V Kohli,MS Dhoni (c) †,SK Raina,AR Patel,B Kumar,Harbhajan Singh,UT Yadav,MM Sharma,HM Amla,Q de Kock †,F du Plessis,JP Duminy,AB de Villiers (c),DA Miller,F Behardien,DW Steyn,K Rabada,Imran Tahir,M Morkel,MS Dhoni  †,AB de Villiers ,India,India
95,India,South Africa,India,35 runs,Chennai,"Oct 22, 2015",ODI # 3698,https://www.espncricinfo.com/India/engine/match/903599.html,RG Sharma,S Dhawan,V Kohli,AM Rahane,SK Raina,MS Dhoni (c) †,Harbhajan Singh,AR Patel,B Kumar,MM Sharma ,A Mishra,Q de Kock †,HM Amla,F du Plessis,AB de Villiers (c),DA Miller,F Behardien,CH Morris,AM Phangiso,DW Steyn,K Rabada,Imran Tahir,MS Dhoni  †,AB de Villiers ,India,India
96,Australia,India,India,6 wickets,Sydney,"Jan 23, 2016",ODI # 3727,https://www.espncricinfo.com/India/engine/match/895815.html,AJ Finch,DA Warner,SPD Smith (c),GJ Bailey,SE Marsh,MR Marsh,MS Wade †,JP Faulkner,JW Hastings,SM Boland ,NM Lyon,RG Sharma,S Dhawan,V Kohli,MK Pandey,MS Dhoni (c) †,Gurkeerat Singh,RA Jadeja ,R Dhawan ,JJ Bumrah ,UT Yadav ,I Sharma,SPD Smith ,MS Dhoni  †,India,Australia
97,Zimbabwe,India,India,9 wickets,Harare,"Jun 11, 2016",ODI # 3742,https://www.espncricinfo.com/India/engine/match/1007649.html,PJ Moor,CJ Chibhabha,H Masakadza,CR Ervine,V Sibanda,Sikandar Raza,E Chigumbura,R Mutumbami †,AG Cremer (c),TL Chatara,T Muzarabani,KL Rahul,KK Nair,AT Rayudu,MK Pandey ,KM Jadhav ,MS Dhoni (c) † ,AR Patel ,DS Kulkarni ,JJ Bumrah ,BB Sran ,YS Chahal,AG Cremer ,MS Dhoni  † ,India,Zimbabwe
98,Zimbabwe,India,India,8 wickets,Harare,"Jun 13, 2016",ODI # 3744,https://www.espncricinfo.com/India/engine/match/1007651.html,H Masakadza,CJ Chibhabha,PJ Moor,V Sibanda,Sikandar Raza,E Chigumbura,R Mutumbami †,AG Cremer (c),TL Chatara,T Muzarabani,SC Williams,KL Rahul,KK Nair,AT Rayudu,MK Pandey,KM Jadhav ,MS Dhoni (c) † ,AR Patel ,DS Kulkarni ,JJ Bumrah ,BB Sran ,YS Chahal,AG Cremer ,MS Dhoni  † ,India,Zimbabwe
99,Zimbabwe,India,India,10 wickets,Harare,"Jun 15, 2016",ODI # 3746,https://www.espncricinfo.com/India/engine/match/1007653.html,H Masakadza,CJ Chibhabha,V Sibanda,T Maruma,MN Waller,E Chigumbura,R Mutumbami †,AG Cremer (c),N Madziva,T Mupariwa,DT Tiripano,KL Rahul,FY Fazal,MK Pandey ,AT Rayudu ,KM Jadhav ,MS Dhoni (c) † ,AR Patel ,DS Kulkarni ,JJ Bumrah ,BB Sran ,YS Chahal,AG Cremer ,MS Dhoni  † ,Zimbabwe,Zimbabwe
100,India,New Zealand,India,6 wickets,Dharamsala,"Oct 16, 2016",ODI # 3796,https://www.espncricinfo.com/India/engine/match/1030219.html,MJ Guptill,TWM Latham,KS Williamson (c),LRPL Taylor,CJ Anderson,L Ronchi †,JDS Neesham,MJ Santner,DAJ Bracewell,TG Southee,IS Sodhi,RG Sharma,AM Rahane,V Kohli,MK Pandey,MS Dhoni (c) †,KM Jadhav,HH Pandya ,AR Patel ,A Mishra ,JJ Bumrah ,UT Yadav,KS Williamson ,MS Dhoni  †,India,New Zealand
101,India,New Zealand,India,7 wickets,Mohali,"Oct 23, 2016",ODI # 3798,https://www.espncricinfo.com/India/engine/match/1030223.html,MJ Guptill,TWM Latham,KS Williamson (c),LRPL Taylor,CJ Anderson,L Ronchi †,JDS Neesham,MJ Santner,TG Southee,MJ Henry,TA Boult,RG Sharma,AM Rahane,V Kohli,MS Dhoni (c) †,MK Pandey,KM Jadhav ,AR Patel ,HH Pandya ,A Mishra ,UT Yadav ,JJ Bumrah,KS Williamson ,MS Dhoni  †,India,New Zealand
102,India,New Zealand,India,190 runs,Visakhapatnam,"Oct 29, 2016",ODI # 3800,https://www.espncricinfo.com/India/engine/match/1030227.html,AM Rahane,RG Sharma,V Kohli,MS Dhoni (c) †,MK Pandey,KM Jadhav,AR Patel,J Yadav,A Mishra ,UT Yadav ,JJ Bumrah,MJ Guptill,TWM Latham,KS Williamson (c),LRPL Taylor,JDS Neesham,BJ Watling †,CJ Anderson,MJ Santner,TG Southee,IS Sodhi,TA Boult,MS Dhoni  †,KS Williamson ,India,India
103,India,England,India,3 wickets,Pune,"Jan 15, 2017",ODI # 3819,https://www.espncricinfo.com/India/engine/match/1034819.html,JJ Roy,AD Hales,JE Root,EJG Morgan (c),JC Buttler †,BA Stokes,MM Ali,CR Woakes,DJ Willey,AU Rashid ,JT Ball,KL Rahul,S Dhawan,V Kohli (c),Yuvraj Singh,MS Dhoni †,KM Jadhav,HH Pandya,RA Jadeja,R Ashwin,JJ Bumrah ,UT Yadav,EJG Morgan ,V Kohli ,India,England
104,India,England,India,15 runs,Cuttack,"Jan 19, 2017",ODI # 3821,https://www.espncricinfo.com/India/engine/match/1034821.html,KL Rahul,S Dhawan,V Kohli (c),Yuvraj Singh,MS Dhoni †,KM Jadhav,HH Pandya,RA Jadeja,R Ashwin ,JJ Bumrah ,B Kumar,JJ Roy,AD Hales,JE Root,EJG Morgan (c),BA Stokes,JC Buttler †,MM Ali,CR Woakes,LE Plunkett,DJ Willey,JT Ball,V Kohli ,EJG Morgan ,England,India
105,India,Pakistan,India,124 runs,Birmingham,"Jun 4, 2017",ODI # 3878,https://www.espncricinfo.com/India/engine/match/1022353.html,RG Sharma,S Dhawan,V Kohli (c),Yuvraj Singh,HH Pandya,MS Dhoni † ,KM Jadhav ,RA Jadeja ,B Kumar ,UT Yadav ,JJ Bumrah,Azhar Ali,Ahmed Shehzad,Babar Azam,Mohammad Hafeez,Shoaib Malik,Sarfaraz Ahmed (c) †,Imad Wasim,Shadab Khan,Mohammad Amir,Hasan Ali,Wahab Riaz,V Kohli ,Sarfaraz Ahmed  †,Pakistan,India
106,India,South Africa,India,8 wickets,The Oval,"Jun 11, 2017",ODI # 3886,https://www.espncricinfo.com/India/engine/match/1022367.html,Q de Kock †,HM Amla,F du Plessis,AB de Villiers (c),DA Miller,JP Duminy,CH Morris,AL Phehlukwayo,K Rabada,M Morkel,Imran Tahir,RG Sharma,S Dhawan,V Kohli (c),Yuvraj Singh,MS Dhoni † ,HH Pandya ,KM Jadhav ,RA Jadeja ,B Kumar ,R Ashwin ,JJ Bumrah,AB de Villiers ,V Kohli ,India,South Africa
107,Bangladesh,India,India,9 wickets,Birmingham,"Jun 15, 2017",ODI # 3891,https://www.espncricinfo.com/India/engine/match/1022373.html,Tamim Iqbal,Soumya Sarkar,Sabbir Rahman,Mushfiqur Rahim †,Shakib Al Hasan,Mahmudullah,Mosaddek Hossain,Mashrafe Mortaza (c),Taskin Ahmed,Rubel Hossain ,Mustafizur Rahman,RG Sharma,S Dhawan,V Kohli (c),Yuvraj Singh ,MS Dhoni † ,KM Jadhav ,HH Pandya ,RA Jadeja ,R Ashwin ,B Kumar ,JJ Bumrah,Mashrafe Mortaza ,V Kohli ,India,Bangladesh
108,West Indies,India,India,105 runs,Port of Spain,"Jun 25, 2017",ODI # 3896,https://www.espncricinfo.com/India/engine/match/1098207.html,AM Rahane,S Dhawan,V Kohli (c),HH Pandya,Yuvraj Singh,MS Dhoni †,KM Jadhav,R Ashwin ,Kuldeep Yadav ,B Kumar ,UT Yadav,KOA Powell,SD Hope †,JN Mohammed,E Lewis,JL Carter,JO Holder (c),RL Chase,AR Nurse,D Bishoo ,AS Joseph ,ML Cummins,V Kohli ,JO Holder ,West Indies,India
109,West Indies,India,India,93 runs,North Sound,"Jun 30, 2017",ODI # 3898,https://www.espncricinfo.com/India/engine/match/1098208.html,AM Rahane,S Dhawan,V Kohli (c),Yuvraj Singh,MS Dhoni †,KM Jadhav,HH Pandya ,R Ashwin ,Kuldeep Yadav ,B Kumar ,UT Yadav,E Lewis,KA Hope,SD Hope †,RL Chase,JN Mohammed,JO Holder (c),R Powell,AR Nurse,D Bishoo,ML Cummins,KOK Williams,V Kohli ,JO Holder ,West Indies,India
110,West Indies,India,India,8 wickets,Kingston,"Jul 6, 2017",ODI # 3902,https://www.espncricinfo.com/India/engine/match/1098210.html,E Lewis,KA Hope,SD Hope †,RL Chase,JN Mohammed,JO Holder (c),R Powell,AR Nurse,D Bishoo,AS Joseph,KOK Williams,AM Rahane,S Dhawan,V Kohli (c),KD Karthik,MS Dhoni † ,KM Jadhav ,HH Pandya ,RA Jadeja ,Kuldeep Yadav ,UT Yadav ,Mohammed Shami,JO Holder ,V Kohli ,West Indies,West Indies
111,Sri Lanka,India,India,9 wickets,Dambulla,"Aug 20, 2017",ODI # 3905,https://www.espncricinfo.com/India/engine/match/1109605.html,N Dickwella †,MD Gunathilaka,BKG Mendis,WU Tharanga (c),AD Mathews,CK Kapugedera,PWH de Silva,NLTC Perera,PADLR Sandakan,SL Malinga,MVT Fernando,RG Sharma,S Dhawan,V Kohli (c),KL Rahul ,MS Dhoni † ,KM Jadhav ,HH Pandya ,AR Patel ,B Kumar ,JJ Bumrah ,YS Chahal,WU Tharanga ,V Kohli ,India,Sri Lanka
112,Sri Lanka,India,India,3 wickets,Pallekele,"Aug 24, 2017",ODI # 3906,https://www.espncricinfo.com/India/engine/match/1109606.html,N Dickwella †,MD Gunathilaka,BKG Mendis,WU Tharanga (c),AD Mathews,TAM Siriwardana,CK Kapugedera,A Dananjaya,PVD Chameera,MVT Fernando,SL Malinga,RG Sharma,S Dhawan,KL Rahul,KM Jadhav,V Kohli (c),MS Dhoni †,HH Pandya,AR Patel,B Kumar,JJ Bumrah ,YS Chahal,WU Tharanga ,V Kohli ,India,Sri Lanka
113,Sri Lanka,India,India,6 wickets,Pallekele,"Aug 27, 2017",ODI # 3907,https://www.espncricinfo.com/India/engine/match/1109607.html,N Dickwella †,LD Chandimal,BKG Mendis,HDRL Thirimanne,AD Mathews,CK Kapugedera (c),TAM Siriwardana,A Dananjaya,PVD Chameera,MVT Fernando,SL Malinga,RG Sharma,S Dhawan,V Kohli (c),KL Rahul,KM Jadhav,MS Dhoni †,HH Pandya ,AR Patel ,B Kumar ,JJ Bumrah ,YS Chahal,CK Kapugedera ,V Kohli ,Sri Lanka,Sri Lanka
114,Sri Lanka,India,India,168 runs,Colombo (RPS),"Aug 31, 2017",ODI # 3908,https://www.espncricinfo.com/India/engine/match/1109608.html,RG Sharma,S Dhawan,V Kohli (c),HH Pandya,KL Rahul,MK Pandey,MS Dhoni †,AR Patel ,Kuldeep Yadav ,JJ Bumrah ,SN Thakur,N Dickwella †,EMDY Munaweera,BKG Mendis,HDRL Thirimanne,AD Mathews,TAM Siriwardana,PWH de Silva,A Dananjaya,PM Pushpakumara,MVT Fernando,SL Malinga (c),V Kohli ,SL Malinga ,India,India
115,Sri Lanka,India,India,6 wickets,Colombo (RPS),"Sep 3, 2017",ODI # 3909,https://www.espncricinfo.com/India/engine/match/1109609.html,N Dickwella †,WU Tharanga (c),EMDY Munaweera,HDRL Thirimanne,AD Mathews,TAM Siriwardana,PWH de Silva,A Dananjaya,PM Pushpakumara,MVT Fernando,SL Malinga,RG Sharma,AM Rahane,V Kohli (c),MK Pandey,KM Jadhav,MS Dhoni †,JJ Bumrah ,YS Chahal ,Kuldeep Yadav ,B Kumar ,SN Thakur,WU Tharanga ,V Kohli ,Sri Lanka,Sri Lanka
116,India,Australia,India,26 runs,Chennai,"Sep 17, 2017",ODI # 3910,https://www.espncricinfo.com/India/engine/match/1119496.html,AM Rahane,RG Sharma,V Kohli (c),MK Pandey,KM Jadhav,MS Dhoni †,HH Pandya,B Kumar,Kuldeep Yadav,YS Chahal ,JJ Bumrah,DA Warner,HWR Cartwright,SPD Smith (c),TM Head,GJ Maxwell,MP Stoinis,MS Wade †,JP Faulkner,PJ Cummins,NM Coulter-Nile,A Zampa,V Kohli ,SPD Smith ,India,India
117,India,Australia,India,50 runs,Kolkata,"Sep 21, 2017",ODI # 3912,https://www.espncricinfo.com/India/engine/match/1119497.html,AM Rahane,RG Sharma,V Kohli (c),MK Pandey,KM Jadhav,MS Dhoni †,HH Pandya,B Kumar,Kuldeep Yadav,JJ Bumrah,YS Chahal,HWR Cartwright,DA Warner,SPD Smith (c),TM Head,GJ Maxwell,MP Stoinis,MS Wade †,AC Agar,PJ Cummins,NM Coulter-Nile,KW Richardson,V Kohli ,SPD Smith ,India,India
118,India,Australia,India,5 wickets,Indore,"Sep 24, 2017",ODI # 3914,https://www.espncricinfo.com/India/engine/match/1119498.html,DA Warner,AJ Finch,SPD Smith (c),GJ Maxwell,TM Head,MP Stoinis,PSP Handscomb †,AC Agar,PJ Cummins ,NM Coulter-Nile ,KW Richardson,AM Rahane,RG Sharma,V Kohli (c),HH Pandya,KM Jadhav,MK Pandey,MS Dhoni †,B Kumar ,Kuldeep Yadav ,JJ Bumrah ,YS Chahal,SPD Smith ,V Kohli ,Australia,Australia
119,India,Australia,India,7 wickets,Nagpur,"Oct 1, 2017",ODI # 3919,https://www.espncricinfo.com/India/engine/match/1119500.html,DA Warner,AJ Finch,SPD Smith (c),PSP Handscomb,TM Head,MP Stoinis,MS Wade †,JP Faulkner,PJ Cummins,NM Coulter-Nile,A Zampa,AM Rahane,RG Sharma,V Kohli (c),KM Jadhav,MK Pandey,HH Pandya ,MS Dhoni † ,B Kumar ,AR Patel ,JJ Bumrah ,Kuldeep Yadav,SPD Smith ,V Kohli ,Australia,Australia
120,India,New Zealand,India,6 wickets,Pune,"Oct 25, 2017",ODI # 3931,https://www.espncricinfo.com/India/engine/match/1120091.html,MJ Guptill,C Munro,KS Williamson (c),LRPL Taylor,TWM Latham †,HM Nicholls,C de Grandhomme,MJ Santner,AF Milne,TG Southee,TA Boult,RG Sharma,S Dhawan,V Kohli (c),KD Karthik,HH Pandya,MS Dhoni †,KM Jadhav ,AR Patel ,B Kumar ,JJ Bumrah ,YS Chahal,KS Williamson ,V Kohli ,New Zealand,New Zealand
121,India,New Zealand,India,6 runs,Kanpur,"Oct 29, 2017",ODI # 3932,https://www.espncricinfo.com/India/engine/match/1120092.html,RG Sharma,S Dhawan,V Kohli (c),HH Pandya,MS Dhoni †,KM Jadhav,KD Karthik,AR Patel ,B Kumar ,JJ Bumrah ,YS Chahal,MJ Guptill,C Munro,KS Williamson (c),LRPL Taylor,TWM Latham †,HM Nicholls,C de Grandhomme,MJ Santner,TG Southee,AF Milne ,TA Boult,V Kohli ,KS Williamson ,New Zealand,India
122,India,Sri Lanka,India,141 runs,Mohali,"Dec 13, 2017",ODI # 3941,https://www.espncricinfo.com/India/engine/match/1122727.html,RG Sharma (c),S Dhawan,SS Iyer,MS Dhoni †,HH Pandya,KD Karthik ,MK Pandey ,B Kumar ,Washington Sundar ,JJ Bumrah ,YS Chahal,MD Gunathilaka,WU Tharanga,HDRL Thirimanne,AD Mathews,N Dickwella †,DAS Gunaratne,NLTC Perera (c),SS Pathirana,A Dananjaya,RAS Lakmal,N Pradeep,RG Sharma ,NLTC Perera ,Sri Lanka,India
123,India,Sri Lanka,India,8 wickets,Visakhapatnam,"Dec 17, 2017",ODI # 3942,https://www.espncricinfo.com/India/engine/match/1122728.html,MD Gunathilaka,WU Tharanga,S Samarawickrama,AD Mathews,N Dickwella †,DAS Gunaratne,NLTC Perera (c),SS Pathirana,A Dananjaya,RAS Lakmal,N Pradeep,RG Sharma (c),S Dhawan,SS Iyer,KD Karthik,MS Dhoni † ,HH Pandya ,MK Pandey ,B Kumar ,Kuldeep Yadav ,JJ Bumrah ,YS Chahal,NLTC Perera ,RG Sharma ,India,Sri Lanka
124,South Africa,India,India,6 wickets,Durban,"Feb 1, 2018",ODI # 3969,https://www.espncricinfo.com/India/engine/match/1122279.html,Q de Kock †,HM Amla,F du Plessis (c),AK Markram,JP Duminy,DA Miller,CH Morris,AL Phehlukwayo,K Rabada,M Morkel,Imran Tahir,RG Sharma,S Dhawan,V Kohli (c),AM Rahane,HH Pandya,MS Dhoni †,KM Jadhav ,B Kumar ,Kuldeep Yadav ,JJ Bumrah ,YS Chahal,F du Plessis ,V Kohli ,South Africa,South Africa
125,South Africa,India,India,9 wickets,Centurion,"Feb 4, 2018",ODI # 3970,https://www.espncricinfo.com/India/engine/match/1122280.html,HM Amla,Q de Kock †,AK Markram (c),JP Duminy,DA Miller,K Zondo,CH Morris,K Rabada,M Morkel,Imran Tahir,T Shamsi,RG Sharma,S Dhawan,V Kohli (c),AM Rahane ,MS Dhoni † ,KM Jadhav ,HH Pandya ,B Kumar ,Kuldeep Yadav ,JJ Bumrah ,YS Chahal,AK Markram ,V Kohli ,India,South Africa
126,South Africa,India,India,124 runs,Cape Town,"Feb 7, 2018",ODI # 3971,https://www.espncricinfo.com/India/engine/match/1122281.html,RG Sharma,S Dhawan,V Kohli (c),AM Rahane,HH Pandya,MS Dhoni †,KM Jadhav,B Kumar,Kuldeep Yadav ,JJ Bumrah ,YS Chahal,HM Amla,AK Markram (c),JP Duminy,H Klaasen †,DA Miller,K Zondo,CH Morris,AL Phehlukwayo,K Rabada,Imran Tahir,L Ngidi,V Kohli ,AK Markram ,South Africa,India
127,South Africa,India,India,73 runs,Port Elizabeth,"Feb 13, 2018",ODI # 3976,https://www.espncricinfo.com/India/engine/match/1122283.html,S Dhawan,RG Sharma,V Kohli (c),AM Rahane,SS Iyer,HH Pandya,MS Dhoni †,B Kumar,Kuldeep Yadav,JJ Bumrah ,YS Chahal,HM Amla,AK Markram (c),JP Duminy,AB de Villiers,DA Miller,H Klaasen †,AL Phehlukwayo,K Rabada,M Morkel,T Shamsi,L Ngidi,V Kohli ,AK Markram ,South Africa,India
128,South Africa,India,India,8 wickets,Centurion,"Feb 16, 2018",ODI # 3978,https://www.espncricinfo.com/India/engine/match/1122284.html,AK Markram (c),HM Amla,AB de Villiers,K Zondo,H Klaasen †,F Behardien,CH Morris,AL Phehlukwayo,M Morkel,Imran Tahir,L Ngidi,S Dhawan,RG Sharma,V Kohli (c),AM Rahane,SS Iyer ,MS Dhoni † ,HH Pandya ,Kuldeep Yadav ,SN Thakur ,JJ Bumrah ,YS Chahal,AK Markram ,V Kohli ,India,South Africa
129,England,India,India,8 wickets,Nottingham,"Jul 12, 2018",ODI # 4014,https://www.espncricinfo.com/India/engine/match/1119546.html,JJ Roy,JM Bairstow,JE Root,EJG Morgan (c),BA Stokes,JC Buttler †,MM Ali,DJ Willey,AU Rashid,LE Plunkett,MA Wood,RG Sharma,S Dhawan,V Kohli (c),KL Rahul,SK Raina ,MS Dhoni † ,HH Pandya ,S Kaul ,Kuldeep Yadav ,UT Yadav ,YS Chahal,EJG Morgan ,V Kohli ,India,England
130,Hong Kong,India,India,26 runs,Dubai (DSC),"Sep 18, 2018",ODI # 4039,https://www.espncricinfo.com/India/engine/match/1153246.html,RG Sharma (c),S Dhawan,AT Rayudu,KD Karthik,MS Dhoni †,KM Jadhav,B Kumar,SN Thakur,Kuldeep Yadav,KK Ahmed ,YS Chahal,Nizakat Khan,Anshuman Rath (c),Babar Hayat,C Carter,KD Shah,Ehsan Khan,Aizaz Khan,SS McKechnie †,Tanwir Afzal,Ehsan Nawaz,Nadeem Ahmed,RG Sharma ,Anshuman Rath ,Hong,India
131,India,Pakistan,India,8 wickets,Dubai (DSC),"Sep 19, 2018",ODI # 4040,https://www.espncricinfo.com/India/engine/match/1153247.html,Imam-ul-Haq,Fakhar Zaman,Babar Azam,Shoaib Malik,Sarfaraz Ahmed (c) †,Asif Ali,Shadab Khan,Faheem Ashraf,Mohammad Amir,Hasan Ali,Usman Shinwari,RG Sharma (c),S Dhawan,AT Rayudu,KD Karthik,MS Dhoni † ,KM Jadhav ,HH Pandya ,B Kumar ,Kuldeep Yadav ,YS Chahal ,JJ Bumrah,Sarfaraz Ahmed  †,RG Sharma ,Pakistan,Pakistan
132,Bangladesh,India,India,7 wickets,Dubai (DSC),"Sep 21, 2018",ODI # 4042,https://www.espncricinfo.com/India/engine/match/1153249.html,Liton Das,Najmul Hossain Shanto,Shakib Al Hasan,Mushfiqur Rahim †,Mohammad Mithun,Mahmudullah,Mosaddek Hossain,Mashrafe Mortaza (c),Mehidy Hasan Miraz,Mustafizur Rahman,Rubel Hossain,RG Sharma (c),S Dhawan,AT Rayudu,MS Dhoni †,KD Karthik,KM Jadhav ,RA Jadeja ,B Kumar ,Kuldeep Yadav ,YS Chahal ,JJ Bumrah,Mashrafe Mortaza ,RG Sharma ,India,Bangladesh
133,India,Pakistan,India,9 wickets,Dubai (DSC),"Sep 23, 2018",ODI # 4044,https://www.espncricinfo.com/India/engine/match/1153251.html,Imam-ul-Haq,Fakhar Zaman,Babar Azam,Sarfaraz Ahmed (c) †,Shoaib Malik,Asif Ali,Shadab Khan,Mohammad Nawaz(3),Hasan Ali,Mohammad Amir ,Shaheen Shah Afridi,RG Sharma (c),S Dhawan,AT Rayudu,KM Jadhav ,MS Dhoni † ,KD Karthik ,Kuldeep Yadav ,RA Jadeja ,YS Chahal ,B Kumar ,JJ Bumrah,Sarfaraz Ahmed  †,RG Sharma ,Pakistan,Pakistan
134,Bangladesh,India,India,3 wickets,Dubai (DSC),"Sep 28, 2018",ODI # 4048,https://www.espncricinfo.com/India/engine/match/1153255.html,Liton Das,Mehidy Hasan Miraz,Imrul Kayes,Mushfiqur Rahim †,Mohammad Mithun,Mahmudullah,Soumya Sarkar,Mashrafe Mortaza (c),Nazmul Islam,Mustafizur Rahman,Rubel Hossain,RG Sharma (c),S Dhawan,AT Rayudu,KD Karthik,MS Dhoni †,KM Jadhav,RA Jadeja,B Kumar,Kuldeep Yadav,JJ Bumrah ,YS Chahal,Mashrafe Mortaza ,RG Sharma ,India,Bangladesh
135,India,West Indies,India,8 wickets,Guwahati,"Oct 21, 2018",ODI # 4056,https://www.espncricinfo.com/India/engine/match/1157754.html,KOA Powell,C Hemraj,SD Hope †,MN Samuels,SO Hetmyer,R Powell,JO Holder (c),AR Nurse,D Bishoo,KAJ Roach,O Thomas,RG Sharma,S Dhawan,V Kohli (c),AT Rayudu,RR Pant ,MS Dhoni † ,RA Jadeja ,YS Chahal ,UT Yadav ,Mohammed Shami ,KK Ahmed,JO Holder ,V Kohli ,India,West Indies
136,India,West Indies,India,224 runs,Mumbai (BS),"Oct 29, 2018",ODI # 4063,https://www.espncricinfo.com/India/engine/match/1157757.html,RG Sharma,S Dhawan,V Kohli (c),AT Rayudu,MS Dhoni †,KM Jadhav,RA Jadeja,B Kumar ,Kuldeep Yadav ,KK Ahmed ,JJ Bumrah,C Hemraj,KOA Powell,SD Hope †,MN Samuels,SO Hetmyer,R Powell,JO Holder (c),FA Allen,AR Nurse,KMA Paul,KAJ Roach,V Kohli ,JO Holder ,India,India
137,India,West Indies,India,9 wickets,Thiruvananthapuram,"Nov 1, 2018",ODI # 4064,https://www.espncricinfo.com/India/engine/match/1157758.html,KOA Powell,R Powell,SD Hope †,MN Samuels,SO Hetmyer,JO Holder (c),FA Allen,KMA Paul,D Bishoo,KAJ Roach,O Thomas,RG Sharma,S Dhawan,V Kohli (c),AT Rayudu ,KM Jadhav ,MS Dhoni † ,RA Jadeja ,B Kumar ,Kuldeep Yadav ,KK Ahmed ,JJ Bumrah,JO Holder ,V Kohli ,West Indies,West Indies
138,Australia,India,India,6 wickets,Adelaide,"Jan 15, 2019",ODI # 4078,https://www.espncricinfo.com/India/engine/match/1144998.html,AT Carey †,AJ Finch (c),UT Khawaja,SE Marsh,PSP Handscomb,MP Stoinis,GJ Maxwell,JA Richardson,NM Lyon,PM Siddle,JP Behrendorff,RG Sharma,S Dhawan,V Kohli (c),AT Rayudu,MS Dhoni †,KD Karthik,RA Jadeja ,Kuldeep Yadav ,B Kumar ,Mohammed Shami ,Mohammed Siraj,AJ Finch ,V Kohli ,Australia,Australia
139,Australia,India,India,7 wickets,Melbourne,"Jan 18, 2019",ODI # 4079,https://www.espncricinfo.com/India/engine/match/1144999.html,AT Carey †,AJ Finch (c),UT Khawaja,SE Marsh,PSP Handscomb,MP Stoinis,GJ Maxwell,JA Richardson,A Zampa,PM Siddle,B Stanlake,RG Sharma,S Dhawan,V Kohli (c),MS Dhoni †,KM Jadhav,KD Karthik ,V Shankar ,RA Jadeja ,B Kumar ,Mohammed Shami ,YS Chahal,AJ Finch ,V Kohli ,India,Australia
140,New Zealand,India,India,8 wickets,Napier,"Jan 23, 2019",ODI # 4082,https://www.espncricinfo.com/India/engine/match/1153691.html,MJ Guptill,C Munro,KS Williamson (c),LRPL Taylor,TWM Latham †,HM Nicholls,MJ Santner,DAJ Bracewell,TG Southee,LH Ferguson,TA Boult,RG Sharma,S Dhawan,V Kohli (c),AT Rayudu,KM Jadhav ,MS Dhoni † ,V Shankar ,Kuldeep Yadav ,YS Chahal ,B Kumar ,Mohammed Shami,KS Williamson ,V Kohli ,New Zealand,New Zealand
141,New Zealand,India,India,90 runs,Mount Maunganui,"Jan 26, 2019",ODI # 4085,https://www.espncricinfo.com/India/engine/match/1153692.html,RG Sharma,S Dhawan,V Kohli (c),AT Rayudu,MS Dhoni †,KM Jadhav,V Shankar ,Kuldeep Yadav ,YS Chahal ,B Kumar ,Mohammed Shami,MJ Guptill,C Munro,KS Williamson (c),LRPL Taylor,TWM Latham †,HM Nicholls,C de Grandhomme,DAJ Bracewell,IS Sodhi,LH Ferguson,TA Boult,V Kohli ,KS Williamson ,India,India
142,New Zealand,India,India,7 wickets,Mount Maunganui,"Jan 28, 2019",ODI # 4088,https://www.espncricinfo.com/India/engine/match/1153693.html,MJ Guptill,C Munro,KS Williamson (c),LRPL Taylor,TWM Latham †,HM Nicholls,MJ Santner,DAJ Bracewell,IS Sodhi,TA Boult,LH Ferguson,RG Sharma,S Dhawan,V Kohli (c),AT Rayudu,KD Karthik †,KM Jadhav ,HH Pandya ,Kuldeep Yadav ,YS Chahal ,B Kumar ,Mohammed Shami,KS Williamson ,V Kohli ,New Zealand,New Zealand
143,New Zealand,India,India,35 runs,Wellington,"Feb 3, 2019",ODI # 4092,https://www.espncricinfo.com/India/engine/match/1153695.html,RG Sharma (c),S Dhawan,Shubman Gill,AT Rayudu,MS Dhoni †,V Shankar,KM Jadhav,HH Pandya,B Kumar,Mohammed Shami,YS Chahal,C Munro,HM Nicholls,KS Williamson (c),LRPL Taylor,TWM Latham †,JDS Neesham,C de Grandhomme,MJ Santner,TD Astle,MJ Henry,TA Boult,RG Sharma ,KS Williamson ,India,India
144,India,Australia,India,6 wickets,Hyderabad (Deccan),"Mar 2, 2019",ODI # 4102,https://www.espncricinfo.com/India/engine/match/1168242.html,UT Khawaja,AJ Finch (c),MP Stoinis,PSP Handscomb,GJ Maxwell,AJ Turner,AT Carey †,NM Coulter-Nile,PJ Cummins,JP Behrendorff ,A Zampa,RG Sharma,S Dhawan,V Kohli (c),AT Rayudu,MS Dhoni †,KM Jadhav,V Shankar ,RA Jadeja ,Kuldeep Yadav ,Mohammed Shami ,JJ Bumrah,AJ Finch ,V Kohli ,Australia,Australia
145,India,Australia,India,8 runs,Nagpur,"Mar 5, 2019",ODI # 4106,https://www.espncricinfo.com/India/engine/match/1168243.html,RG Sharma,S Dhawan,V Kohli (c),AT Rayudu,V Shankar,KM Jadhav,MS Dhoni †,RA Jadeja,Kuldeep Yadav,Mohammed Shami,JJ Bumrah,AJ Finch (c),UT Khawaja,SE Marsh,PSP Handscomb,GJ Maxwell,MP Stoinis,AT Carey †,NM Coulter-Nile,PJ Cummins,NM Lyon,A Zampa,V Kohli ,AJ Finch ,Australia,India
146,India,South Africa,India,6 wickets,Southampton,"Jun 5, 2019",ODI # 4150,https://www.espncricinfo.com/India/engine/match/1144490.html,HM Amla,Q de Kock †,F du Plessis (c),HE van der Dussen,DA Miller,JP Duminy,AL Phehlukwayo,CH Morris,K Rabada,Imran Tahir,T Shamsi,S Dhawan,RG Sharma,V Kohli (c),KL Rahul,MS Dhoni †,HH Pandya,KM Jadhav ,B Kumar ,Kuldeep Yadav ,YS Chahal ,JJ Bumrah,F du Plessis ,V Kohli ,South Africa,South Africa
147,Australia,India,India,36 runs,The Oval,"Jun 9, 2019",ODI # 4155,https://www.espncricinfo.com/India/engine/match/1144496.html,RG Sharma,S Dhawan,V Kohli (c),HH Pandya,MS Dhoni †,KL Rahul,KM Jadhav,B Kumar ,Kuldeep Yadav ,YS Chahal ,JJ Bumrah,DA Warner,AJ Finch (c),SPD Smith,UT Khawaja,GJ Maxwell,MP Stoinis,AT Carey †,NM Coulter-Nile,PJ Cummins,MA Starc,A Zampa,V Kohli ,AJ Finch ,India,India
148,India,Pakistan,India,89 runs,Manchester,"Jun 16, 2019",ODI # 4161,https://www.espncricinfo.com/India/engine/match/1144504.html,KL Rahul,RG Sharma,V Kohli (c),HH Pandya,MS Dhoni †,V Shankar,KM Jadhav,B Kumar ,Kuldeep Yadav ,YS Chahal ,JJ Bumrah,Imam-ul-Haq,Fakhar Zaman,Babar Azam,Mohammad Hafeez,Sarfaraz Ahmed (c) †,Shoaib Malik,Imad Wasim,Shadab Khan,Hasan Ali ,Wahab Riaz ,Mohammad Amir,V Kohli ,Sarfaraz Ahmed  †,Pakistan,India
149,Afghanistan,India,India,11 runs,Southampton,"Jun 22, 2019",ODI # 4169,https://www.espncricinfo.com/India/engine/match/1144510.html,KL Rahul,RG Sharma,V Kohli (c),V Shankar,MS Dhoni †,KM Jadhav,HH Pandya,Mohammed Shami,Kuldeep Yadav,JJ Bumrah,YS Chahal,Hazratullah Zazai,Gulbadin Naib (c),Rahmat Shah,Hashmatullah Shahidi,Asghar Afghan,Mohammad Nabi,Najibullah Zadran,Rashid Khan,Ikram Alikhil †,Aftab Alam,Mujeeb Ur Rahman,V Kohli ,Gulbadin Naib ,India,India
150,India,West Indies,India,125 runs,Manchester,"Jun 27, 2019",ODI # 4175,https://www.espncricinfo.com/India/engine/match/1144516.html,KL Rahul,RG Sharma,V Kohli (c),V Shankar,KM Jadhav,MS Dhoni †,HH Pandya,Mohammed Shami,Kuldeep Yadav,YS Chahal ,JJ Bumrah,CH Gayle,SW Ambris,SD Hope †,N Pooran,SO Hetmyer,JO Holder (c),CR Brathwaite,FA Allen,KAJ Roach,SS Cottrell,O Thomas,V Kohli ,JO Holder ,India,India
151,Bangladesh,India,India,28 runs,Birmingham,"Jul 2, 2019",ODI # 4182,https://www.espncricinfo.com/India/engine/match/1144522.html,KL Rahul,RG Sharma,V Kohli (c),RR Pant,HH Pandya,MS Dhoni †,KD Karthik,B Kumar,Mohammed Shami,JJ Bumrah,YS Chahal,Tamim Iqbal,Soumya Sarkar,Shakib Al Hasan,Mushfiqur Rahim †,Liton Das,Mosaddek Hossain,Sabbir Rahman,Mohammad Saifuddin,Mashrafe Mortaza (c),Rubel Hossain,Mustafizur Rahman,V Kohli ,Mashrafe Mortaza ,India,India
152,India,Sri Lanka,India,7 wickets,Leeds,"Jul 6, 2019",ODI # 4187,https://www.espncricinfo.com/India/engine/match/1144526.html,FDM Karunaratne (c),MDKJ Perera †,WIA Fernando,BKG Mendis,AD Mathews,HDRL Thirimanne,DM de Silva,NLTC Perera,I Udana,CAK Rajitha ,SL Malinga,KL Rahul,RG Sharma,V Kohli (c),RR Pant,HH Pandya,MS Dhoni † ,KD Karthik ,RA Jadeja ,B Kumar ,JJ Bumrah ,Kuldeep Yadav,FDM Karunaratne ,V Kohli ,Sri Lanka,Sri Lanka
153,West Indies,India,India,59 runs,Port of Spain,"Aug 11, 2019",ODI # 4197,https://www.espncricinfo.com/India/engine/match/1188625.html,S Dhawan,RG Sharma,V Kohli (c),RR Pant †,SS Iyer,KM Jadhav,RA Jadeja,B Kumar,Mohammed Shami,Kuldeep Yadav ,KK Ahmed,CH Gayle,E Lewis,SD Hope †,SO Hetmyer,N Pooran,RL Chase,JO Holder (c),CR Brathwaite,KAJ Roach,SS Cottrell,O Thomas,V Kohli ,JO Holder ,India,India
154,West Indies,India,India,6 wickets,Port of Spain,"Aug 14, 2019",ODI # 4199,https://www.espncricinfo.com/India/engine/match/1188626.html,CH Gayle,E Lewis,SD Hope †,SO Hetmyer,N Pooran,JO Holder (c),CR Brathwaite,FA Allen,KMA Paul,RL Chase ,KAJ Roach,RG Sharma,S Dhawan,V Kohli (c),RR Pant †,SS Iyer,KM Jadhav,RA Jadeja ,B Kumar ,Mohammed Shami ,KK Ahmed ,YS Chahal,JO Holder ,V Kohli ,West Indies,West Indies
155,India,West Indies,India,107 runs,Visakhapatnam,"Dec 18, 2019",ODI # 4222,https://www.espncricinfo.com/India/engine/match/1187022.html,RG Sharma,KL Rahul,V Kohli (c),SS Iyer,RR Pant †,KM Jadhav,RA Jadeja,DL Chahar ,Mohammed Shami ,SN Thakur ,Kuldeep Yadav,E Lewis,SD Hope †,SO Hetmyer,RL Chase,N Pooran,KA Pollard (c),JO Holder,KMA Paul,AS Joseph,K Pierre,SS Cottrell,V Kohli ,KA Pollard ,West Indies,India
156,India,West Indies,India,4 wickets,Cuttack,"Dec 22, 2019",ODI # 4223,https://www.espncricinfo.com/India/engine/match/1187023.html,E Lewis,SD Hope †,RL Chase,SO Hetmyer,N Pooran,KA Pollard (c),JO Holder,KMA Paul ,AS Joseph ,K Pierre ,SS Cottrell,RG Sharma,KL Rahul,V Kohli (c),SS Iyer,RR Pant †,KM Jadhav,RA Jadeja,SN Thakur,Mohammed Shami ,Kuldeep Yadav ,NA Saini,KA Pollard ,V Kohli ,India,West Indies
191,Australia,India,Australia,65 runs,Melbourne,"Feb 5, 2012",ODI # 3231,https://www.espncricinfo.com/Australia/engine/match/518956.html,MS Wade †,DA Warner,RT Ponting,MJ Clarke (c),MEK Hussey,DJ Hussey,DT Christian,RJ Harris ,MA Starc ,CJ McKay ,XJ Doherty,G Gambhir,SR Tendulkar,V Kohli,RG Sharma,SK Raina,MS Dhoni (c) †,RA Jadeja,R Ashwin,R Sharma,P Kumar,R Vinay Kumar,MJ Clarke ,MS Dhoni  †,India,Australia
193,Australia,India,Australia,110 runs,Brisbane,"Feb 19, 2012",ODI # 3244,https://www.espncricinfo.com/Australia/engine/match/518962.html,MS Wade †,DA Warner,RT Ponting (c),PJ Forrest,MEK Hussey,DJ Hussey,DT Christian,B Lee ,MA Starc ,XJ Doherty ,BW Hilfenhaus,G Gambhir,SR Tendulkar,V Kohli,RG Sharma,SK Raina,MS Dhoni (c) †,RA Jadeja,IK Pathan,R Vinay Kumar,Z Khan,UT Yadav,RT Ponting ,MS Dhoni  †,Australia,Australia
194,Australia,India,Australia,87 runs,Sydney,"Feb 26, 2012",ODI # 3250,https://www.espncricinfo.com/Australia/engine/match/518965.html,DA Warner,SR Watson (c),PJ Forrest,MEK Hussey,DJ Hussey,MS Wade †,DT Christian,CJ McKay,B Lee,XJ Doherty,BW Hilfenhaus,V Sehwag,SR Tendulkar,G Gambhir,V Kohli,SK Raina,MS Dhoni (c) †,RA Jadeja,R Ashwin,IK Pathan,P Kumar,UT Yadav,SR Watson ,MS Dhoni  †,Australia,Australia
212,India,Australia,Australia,72 runs,Pune,"Oct 13, 2013",ODI # 3419,https://www.espncricinfo.com/Australia/engine/match/647249.html,PJ Hughes,AJ Finch,SR Watson,GJ Bailey (c),AC Voges,GJ Maxwell,BJ Haddin †,JP Faulkner,MG Johnson,CJ McKay,XJ Doherty,S Dhawan,RG Sharma,V Kohli,SK Raina,Yuvraj Singh,MS Dhoni (c) †,RA Jadeja,R Ashwin,B Kumar,R Vinay Kumar,I Sharma,GJ Bailey ,MS Dhoni  †,Australia,Australia
213,India,Australia,Australia,4 wickets,Mohali,"Oct 19, 2013",ODI # 3421,https://www.espncricinfo.com/Australia/engine/match/647253.html,RG Sharma,S Dhawan,V Kohli,SK Raina,Yuvraj Singh,MS Dhoni (c) †,RA Jadeja,R Ashwin,B Kumar,R Vinay Kumar,I Sharma,PJ Hughes,AJ Finch,SR Watson,GJ Bailey (c),AC Voges,GJ Maxwell,BJ Haddin †,JP Faulkner,MG Johnson ,CJ McKay ,XJ Doherty,MS Dhoni  †,GJ Bailey ,Australia,India
228,Australia,India,Australia,4 wickets,Melbourne,"Jan 18, 2015",ODI # 3582,https://www.espncricinfo.com/Australia/engine/match/754749.html,RG Sharma,S Dhawan,AM Rahane,V Kohli,SK Raina,MS Dhoni (c) †,AR Patel,R Ashwin,B Kumar,Mohammed Shami,UT Yadav,AJ Finch,DA Warner,SR Watson,SPD Smith,GJ Maxwell,GJ Bailey (c),BJ Haddin †,JP Faulkner,MA Starc ,PJ Cummins ,GS Sandhu,MS Dhoni  †,GJ Bailey ,India,India
236,Australia,India,Australia,95 runs,Sydney,"Mar 26, 2015",ODI # 3645,https://www.espncricinfo.com/Australia/engine/match/656493.html,AJ Finch,DA Warner,SPD Smith,GJ Maxwell,SR Watson,MJ Clarke (c),JP Faulkner,BJ Haddin †,MG Johnson,MA Starc ,JR Hazlewood,RG Sharma,S Dhawan,V Kohli,AM Rahane,SK Raina,MS Dhoni (c) †,RA Jadeja,R Ashwin,Mohammed Shami,MM Sharma,UT Yadav,MJ Clarke ,MS Dhoni  †,Australia,Australia
242,Australia,India,Australia,5 wickets,Perth,"Jan 12, 2016",ODI # 3723,https://www.espncricinfo.com/Australia/engine/match/895807.html,RG Sharma,S Dhawan,V Kohli,MS Dhoni (c) †,RA Jadeja,AM Rahane ,MK Pandey ,R Ashwin ,UT Yadav ,B Kumar ,BB Sran,AJ Finch,DA Warner,SPD Smith (c),GJ Bailey,GJ Maxwell,MR Marsh,JP Faulkner,MS Wade † ,SM Boland ,JR Hazlewood ,JS Paris,MS Dhoni  †,SPD Smith ,India,India
243,Australia,India,Australia,7 wickets,Brisbane,"Jan 15, 2016",ODI # 3724,https://www.espncricinfo.com/Australia/engine/match/895809.html,RG Sharma,S Dhawan,V Kohli,AM Rahane,MS Dhoni (c) †,MK Pandey,RA Jadeja,R Ashwin,UT Yadav,I Sharma ,BB Sran,AJ Finch,SE Marsh,SPD Smith (c),GJ Bailey,GJ Maxwell,MS Wade † ,JP Faulkner ,KW Richardson ,JW Hastings ,JS Paris ,SM Boland,MS Dhoni  †,SPD Smith ,India,India
244,Australia,India,Australia,3 wickets,Melbourne,"Jan 17, 2016",ODI # 3725,https://www.espncricinfo.com/Australia/engine/match/895811.html,RG Sharma,S Dhawan,V Kohli,AM Rahane,MS Dhoni (c) †,Gurkeerat Singh,RA Jadeja,R Dhawan,I Sharma ,UT Yadav ,BB Sran,SE Marsh,AJ Finch,SPD Smith (c),GJ Bailey,GJ Maxwell,MR Marsh,MS Wade †,JP Faulkner,JW Hastings,KW Richardson ,SM Boland,MS Dhoni  †,SPD Smith ,Australia,India
245,Australia,India,Australia,25 runs,Canberra,"Jan 20, 2016",ODI # 3726,https://www.espncricinfo.com/Australia/engine/match/895813.html,DA Warner,AJ Finch,MR Marsh,SPD Smith (c),GJ Maxwell,GJ Bailey,JP Faulkner,MS Wade †,JW Hastings,KW Richardson ,NM Lyon,RG Sharma,S Dhawan,V Kohli,MS Dhoni (c) †,Gurkeerat Singh,RA Jadeja,AM Rahane,R Dhawan,B Kumar,UT Yadav,I Sharma,SPD Smith ,MS Dhoni  †,Australia,Australia
263,India,Australia,Australia,21 runs,Bengaluru,"Sep 28, 2017",ODI # 3917,https://www.espncricinfo.com/Australia/engine/match/1119499.html,AJ Finch,DA Warner,TM Head,SPD Smith (c),PSP Handscomb,MP Stoinis,MS Wade †,PJ Cummins ,NM Coulter-Nile ,A Zampa ,KW Richardson,AM Rahane,RG Sharma,V Kohli (c),HH Pandya,KM Jadhav,MK Pandey,MS Dhoni †,AR Patel,Mohammed Shami,UT Yadav,YS Chahal,SPD Smith ,V Kohli ,Australia,Australia
266,Australia,India,Australia,34 runs,Sydney,"Jan 12, 2019",ODI # 4077,https://www.espncricinfo.com/Australia/engine/match/1144997.html,AT Carey †,AJ Finch (c),UT Khawaja,SE Marsh,PSP Handscomb,MP Stoinis,GJ Maxwell,JA Richardson ,NM Lyon ,PM Siddle ,JP Behrendorff,RG Sharma,S Dhawan,V Kohli (c),AT Rayudu,MS Dhoni †,KD Karthik,RA Jadeja,B Kumar,Kuldeep Yadav,Mohammed Shami,KK Ahmed,AJ Finch ,V Kohli ,Australia,Australia
267,India,Australia,Australia,32 runs,Ranchi,"Mar 8, 2019",ODI # 4109,https://www.espncricinfo.com/Australia/engine/match/1168244.html,AJ Finch (c),UT Khawaja,GJ Maxwell,SE Marsh,MP Stoinis,PSP Handscomb,AT Carey †,JA Richardson ,PJ Cummins ,NM Lyon ,A Zampa,S Dhawan,RG Sharma,V Kohli (c),AT Rayudu,MS Dhoni †,KM Jadhav,V Shankar,RA Jadeja,Kuldeep Yadav,Mohammed Shami,JJ Bumrah,AJ Finch ,V Kohli ,India,Australia
268,India,Australia,Australia,4 wickets,Mohali,"Mar 10, 2019",ODI # 4111,https://www.espncricinfo.com/Australia/engine/match/1168245.html,RG Sharma,S Dhawan,KL Rahul,V Kohli (c),RR Pant †,KM Jadhav,V Shankar,B Kumar,Kuldeep Yadav,YS Chahal,JJ Bumrah,AJ Finch (c),UT Khawaja,SE Marsh,PSP Handscomb,GJ Maxwell,AJ Turner,AT Carey †,JA Richardson,PJ Cummins ,JP Behrendorff ,A Zampa,V Kohli ,AJ Finch ,India,India
269,India,Australia,Australia,35 runs,Delhi,"Mar 13, 2019",ODI # 4113,https://www.espncricinfo.com/Australia/engine/match/1168246.html,UT Khawaja,AJ Finch (c),PSP Handscomb,GJ Maxwell,MP Stoinis,AJ Turner,AT Carey †,JA Richardson,PJ Cummins,NM Lyon,A Zampa,RG Sharma,S Dhawan,V Kohli (c),RR Pant †,V Shankar,KM Jadhav,RA Jadeja,B Kumar,Mohammed Shami,Kuldeep Yadav,JJ Bumrah,AJ Finch ,V Kohli ,Australia,Australia
302,England,India,England,7 wickets,Southampton,"Sep 6, 2011",ODI # 3187,https://www.espncricinfo.com/England/engine/match/474478.html,PA Patel,AM Rahane,R Dravid,V Kohli,SK Raina,MS Dhoni (c) †,MK Tiwary,R Ashwin,P Kumar,R Vinay Kumar ,MM Patel,AN Cook (c),C Kieswetter †,IR Bell,RS Bopara,SR Patel,GP Swann ,BA Stokes ,TT Bresnan ,SCJ Broad ,JM Anderson ,JW Dernbach,MS Dhoni  †,AN Cook ,England,India
303,England,India,England,3 wickets,The Oval,"Sep 9, 2011",ODI # 3189,https://www.espncricinfo.com/England/engine/match/474479.html,PA Patel,AM Rahane,R Dravid,V Kohli,SK Raina,MS Dhoni (c) †,RA Jadeja,R Ashwin,P Kumar,MM Patel ,RP Singh,AN Cook (c),C Kieswetter †,IJL Trott,IR Bell,BA Stokes,RS Bopara,TT Bresnan,SCJ Broad,GP Swann,JM Anderson ,JW Dernbach,MS Dhoni  †,AN Cook ,England,India
304,England,India,England,6 wickets,Cardiff,"Sep 16, 2011",ODI # 3195,https://www.espncricinfo.com/England/engine/match/474481.html,PA Patel,AM Rahane,R Dravid,V Kohli,SK Raina,MS Dhoni (c) †,RA Jadeja,R Ashwin,RP Singh ,MM Patel ,R Vinay Kumar,AN Cook (c),C Kieswetter †,IJL Trott,IR Bell,RS Bopara,JM Bairstow,SR Patel ,TT Bresnan ,GP Swann ,ST Finn ,JW Dernbach,MS Dhoni  †,AN Cook ,England,India
317,India,England,England,9 runs,Rajkot,"Jan 11, 2013",ODI # 3318,https://www.espncricinfo.com/England/engine/match/565812.html,AN Cook (c),IR Bell,KP Pietersen,EJG Morgan,C Kieswetter †,SR Patel,JE Root ,TT Bresnan ,JC Tredwell ,ST Finn ,JW Dernbach,AM Rahane,G Gambhir,V Kohli,Yuvraj Singh,SK Raina,MS Dhoni (c) †,RA Jadeja,R Ashwin,B Kumar,AB Dinda,I Sharma,AN Cook ,MS Dhoni  †,England,England
318,India,England,England,7 wickets,Dharamsala,"Jan 27, 2013",ODI # 3329,https://www.espncricinfo.com/England/engine/match/565816.html,G Gambhir,RG Sharma,V Kohli,Yuvraj Singh,SK Raina,MS Dhoni (c) †,RA Jadeja,R Ashwin,B Kumar,Mohammed Shami,I Sharma,AN Cook (c),IR Bell,KP Pietersen,JE Root,EJG Morgan,JC Buttler † ,SR Patel ,CR Woakes ,JC Tredwell ,ST Finn ,TT Bresnan,MS Dhoni  †,AN Cook ,England,India
333,England,India,England,41 runs,Leeds,"Sep 5, 2014",ODI # 3525,https://www.espncricinfo.com/England/engine/match/667729.html,AN Cook (c),AD Hales,MM Ali,JE Root,EJG Morgan,JC Buttler †,BA Stokes,CR Woakes,JC Tredwell,ST Finn ,JM Anderson,AM Rahane,S Dhawan,V Kohli,AT Rayudu,SK Raina,MS Dhoni (c) †,RA Jadeja,R Ashwin,B Kumar,Mohammed Shami,UT Yadav,AN Cook ,MS Dhoni  †,India,England
336,England,India,England,9 wickets,Brisbane,"Jan 20, 2015",ODI # 3586,https://www.espncricinfo.com/England/engine/match/754753.html,AM Rahane,S Dhawan,AT Rayudu,V Kohli,SK Raina,MS Dhoni (c) †,STR Binny,AR Patel,B Kumar,Mohammed Shami,UT Yadav,IR Bell,MM Ali,JWA Taylor,JE Root ,EJG Morgan (c) ,RS Bopara ,JC Buttler † ,CR Woakes ,SCJ Broad ,JM Anderson ,ST Finn,MS Dhoni  †,EJG Morgan  ,India,India
337,England,India,England,3 wickets,Perth,"Jan 30, 2015",ODI # 3595,https://www.espncricinfo.com/England/engine/match/754759.html,AM Rahane,S Dhawan,V Kohli,SK Raina,AT Rayudu,MS Dhoni (c) †,STR Binny,RA Jadeja,AR Patel,MM Sharma,Mohammed Shami,IR Bell,MM Ali,JWA Taylor,JE Root,EJG Morgan (c),RS Bopara,JC Buttler †,CR Woakes,SCJ Broad,JM Anderson ,ST Finn,MS Dhoni  †,EJG Morgan ,England,India
359,India,England,England,5 runs,Kolkata,"Jan 22, 2017",ODI # 3824,https://www.espncricinfo.com/England/engine/match/1034823.html,JJ Roy,SW Billings,JM Bairstow,EJG Morgan (c),JC Buttler †,BA Stokes,MM Ali,CR Woakes,LE Plunkett,DJ Willey ,JT Ball,AM Rahane,KL Rahul,V Kohli (c),Yuvraj Singh,MS Dhoni †,KM Jadhav,HH Pandya,RA Jadeja,R Ashwin,B Kumar,JJ Bumrah,EJG Morgan ,V Kohli ,India,England
386,England,India,England,86 runs,Lord's,"Jul 14, 2018",ODI # 4016,https://www.espncricinfo.com/England/engine/match/1119547.html,JJ Roy,JM Bairstow,JE Root,EJG Morgan (c),BA Stokes,JC Buttler †,MM Ali,DJ Willey,AU Rashid ,LE Plunkett ,MA Wood,RG Sharma,S Dhawan,V Kohli (c),KL Rahul,SK Raina,MS Dhoni †,HH Pandya,UT Yadav,Kuldeep Yadav,S Kaul,YS Chahal,EJG Morgan ,V Kohli ,England,England
387,England,India,England,8 wickets,Leeds,"Jul 17, 2018",ODI # 4018,https://www.espncricinfo.com/England/engine/match/1119548.html,RG Sharma,S Dhawan,V Kohli (c),KD Karthik,MS Dhoni †,SK Raina,HH Pandya,B Kumar,SN Thakur,Kuldeep Yadav ,YS Chahal,JM Vince,JM Bairstow,JE Root,EJG Morgan (c),BA Stokes ,JC Buttler † ,MM Ali ,DJ Willey ,LE Plunkett ,AU Rashid ,MA Wood,V Kohli ,EJG Morgan ,England,India
402,England,India,England,31 runs,Birmingham,"Jun 30, 2019",ODI # 4179,https://www.espncricinfo.com/England/engine/match/1144520.html,JJ Roy,JM Bairstow,JE Root,EJG Morgan (c),BA Stokes,JC Buttler †,CR Woakes,LE Plunkett,JC Archer,AU Rashid ,MA Wood,KL Rahul,RG Sharma,V Kohli (c),RR Pant,HH Pandya,MS Dhoni †,KM Jadhav,Kuldeep Yadav ,Mohammed Shami ,YS Chahal ,JJ Bumrah,EJG Morgan ,V Kohli ,England,England
405,India,South Africa,South Africa,90 runs,Ahmedabad,"Feb 27, 2010",ODI # 2963,https://www.espncricinfo.com/South-Africa/engine/match/441829.html,LE Bosman,HM Amla,JH Kallis (c),AB de Villiers,HH Gibbs ,MV Boucher † ,J Botha ,RE van der Merwe ,DW Steyn ,M Morkel ,LL Tsotsobe,KD Karthik,M Vijay,V Kohli,RG Sharma,MS Dhoni (c) †,SK Raina,YK Pathan,RA Jadeja,S Sreesanth,A Mithun,S Tyagi,JH Kallis ,MS Dhoni  †,South Africa,South Africa
417,South Africa,India,South Africa,135 runs,Durban,"Jan 12, 2011",ODI # 3079,https://www.espncricinfo.com/South-Africa/engine/match/463150.html,GC Smith (c),HM Amla,CA Ingram,AB de Villiers †,JP Duminy,DA Miller,J Botha,WD Parnell,DW Steyn,M Morkel,LL Tsotsobe,M Vijay,SR Tendulkar,V Kohli,RG Sharma,Yuvraj Singh,MS Dhoni (c) †,SK Raina,Harbhajan Singh,Z Khan,A Nehra,MM Patel,GC Smith ,MS Dhoni  †,South Africa,South Africa
418,South Africa,India,South Africa,48 runs,Port Elizabeth,"Jan 21, 2011",ODI # 3084,https://www.espncricinfo.com/South-Africa/engine/match/463153.html,HM Amla,GC Smith (c),MN van Wyk,AB de Villiers †,JP Duminy,F du Plessis,J Botha,RJ Peterson,DW Steyn,M Morkel ,LL Tsotsobe,RG Sharma,PA Patel,V Kohli,Yuvraj Singh,SK Raina,MS Dhoni (c) †,YK Pathan,Harbhajan Singh,MM Patel ,Z Khan ,A Nehra,GC Smith ,MS Dhoni  †,South Africa,South Africa
419,South Africa,India,South Africa,33 runs,Centurion,"Jan 23, 2011",ODI # 3087,https://www.espncricinfo.com/South-Africa/engine/match/463154.html,GC Smith (c),HM Amla,MN van Wyk,AB de Villiers †,JP Duminy,F du Plessis,J Botha,RJ Peterson,DW Steyn,M Morkel,LL Tsotsobe,PA Patel,RG Sharma,V Kohli,MS Dhoni (c) †,Yuvraj Singh,SK Raina,YK Pathan,Harbhajan Singh,PP Chawla,Z Khan,MM Patel,GC Smith ,MS Dhoni  †,India,South Africa
422,India,South Africa,South Africa,3 wickets,Nagpur,"Mar 12, 2011",ODI # 3128,https://www.espncricinfo.com/South-Africa/engine/match/433586.html,V Sehwag,SR Tendulkar,G Gambhir,YK Pathan,Yuvraj Singh,MS Dhoni (c) †,V Kohli,Harbhajan Singh,Z Khan,A Nehra,MM Patel,HM Amla,GC Smith (c),JH Kallis,AB de Villiers,JP Duminy,F du Plessis,MN van Wyk †,J Botha,RJ Peterson,M Morkel ,DW Steyn,MS Dhoni  †,GC Smith ,India,India
446,South Africa,India,South Africa,141 runs,Johannesburg,"Dec 5, 2013",ODI # 3442,https://www.espncricinfo.com/South-Africa/engine/match/648651.html,HM Amla,Q de Kock †,JH Kallis,AB de Villiers (c),JP Duminy,DA Miller,R McLaren ,WD Parnell ,DW Steyn ,M Morkel ,LL Tsotsobe,RG Sharma,S Dhawan,V Kohli,Yuvraj Singh,SK Raina,MS Dhoni (c) †,RA Jadeja,R Ashwin,B Kumar,MM Sharma,Mohammed Shami,AB de Villiers ,MS Dhoni  †,India,South Africa
447,South Africa,India,South Africa,134 runs,Durban,"Dec 8, 2013",ODI # 3443,https://www.espncricinfo.com/South-Africa/engine/match/648653.html,Q de Kock †,HM Amla,AB de Villiers (c),JP Duminy,DA Miller,JH Kallis,R McLaren,VD Philander,DW Steyn ,M Morkel ,LL Tsotsobe,RG Sharma,S Dhawan,V Kohli,AM Rahane,SK Raina,MS Dhoni (c) †,RA Jadeja,R Ashwin,Mohammed Shami,UT Yadav,I Sharma,AB de Villiers ,MS Dhoni  †,India,South Africa
472,India,South Africa,South Africa,5 runs,Kanpur,"Oct 11, 2015",ODI # 3689,https://www.espncricinfo.com/South-Africa/engine/match/903593.html,Q de Kock †,HM Amla,F du Plessis,AB de Villiers (c),DA Miller,JP Duminy,F Behardien,DW Steyn ,K Rabada ,M Morkel ,Imran Tahir,RG Sharma,S Dhawan,AM Rahane,V Kohli,MS Dhoni (c) †,SK Raina,STR Binny,B Kumar,A Mishra,R Ashwin ,UT Yadav,AB de Villiers ,MS Dhoni  †,South Africa,South Africa
473,India,South Africa,South Africa,18 runs,Rajkot,"Oct 18, 2015",ODI # 3695,https://www.espncricinfo.com/South-Africa/engine/match/903597.html,Q de Kock †,DA Miller,HM Amla,F du Plessis,AB de Villiers (c),JP Duminy,F Behardien,DW Steyn,K Rabada,Imran Tahir ,M Morkel,RG Sharma,S Dhawan,V Kohli,MS Dhoni (c) †,SK Raina,AM Rahane,AR Patel,Harbhajan Singh,B Kumar ,MM Sharma ,A Mishra,AB de Villiers ,MS Dhoni  †,South Africa,South Africa
474,India,South Africa,South Africa,214 runs,Mumbai,"Oct 25, 2015",ODI # 3700,https://www.espncricinfo.com/South-Africa/engine/match/903601.html,Q de Kock †,HM Amla,F du Plessis,AB de Villiers (c),DA Miller,F Behardien,D Elgar,DW Steyn ,K Rabada ,Imran Tahir ,KJ Abbott,RG Sharma,S Dhawan,V Kohli,AM Rahane,SK Raina,MS Dhoni (c) †,AR Patel,Harbhajan Singh,B Kumar,A Mishra,MM Sharma,AB de Villiers ,MS Dhoni  †,South Africa,South Africa
499,South Africa,India,South Africa,5 wickets,Johannesburg,"Feb 10, 2018",ODI # 3973,https://www.espncricinfo.com/South-Africa/engine/match/1122282.html,RG Sharma,S Dhawan,V Kohli (c),AM Rahane,SS Iyer,MS Dhoni †,HH Pandya,B Kumar,Kuldeep Yadav,JJ Bumrah ,YS Chahal,AK Markram (c),HM Amla,JP Duminy,AB de Villiers,DA Miller,H Klaasen †,AL Phehlukwayo,CH Morris ,K Rabada ,L Ngidi ,M Morkel,V Kohli ,AK Markram ,India,India
524,India,New Zealand,New Zealand,200 runs,Dambulla,"Aug 10, 2010",ODI # 3030,https://www.espncricinfo.com/New-Zealand/engine/match/456662.html,PJ Ingram,MJ Guptill,LRPL Taylor (c),KS Williamson,SB Styris,JDP Oram,GD Elliott,GJ Hopkins †,DR Tuffey,KD Mills,AJ McKay,KD Karthik,V Sehwag,RG Sharma,Yuvraj Singh,SK Raina,MS Dhoni (c) †,RA Jadeja,P Kumar,A Mithun,A Nehra,PP Ojha,LRPL Taylor ,MS Dhoni  †,New Zealand,New Zealand
547,New Zealand,India,New Zealand,24 runs,Napier,"Jan 19, 2014",ODI # 3456,https://www.espncricinfo.com/New-Zealand/engine/match/667641.html,MJ Guptill,JD Ryder,KS Williamson,LRPL Taylor,BB McCullum (c),CJ Anderson,L Ronchi †,NL McCullum,TG Southee,AF Milne ,MJ McClenaghan,RG Sharma,S Dhawan,V Kohli,AM Rahane,SK Raina,MS Dhoni (c) †,RA Jadeja,R Ashwin,B Kumar,I Sharma,Mohammed Shami,BB McCullum ,MS Dhoni  †,India,New Zealand
548,New Zealand,India,New Zealand,15 runs,Hamilton,"Jan 22, 2014",ODI # 3458,https://www.espncricinfo.com/New-Zealand/engine/match/667643.html,MJ Guptill,JD Ryder,KS Williamson,LRPL Taylor,CJ Anderson,BB McCullum (c),L Ronchi †,NL McCullum,KD Mills,TG Southee ,MJ McClenaghan,S Dhawan,RG Sharma,V Kohli,AM Rahane,MS Dhoni (c) †,SK Raina,RA Jadeja,R Ashwin,B Kumar,Mohammed Shami,I Sharma,BB McCullum ,MS Dhoni  †,India,New Zealand
549,New Zealand,India,New Zealand,7 wickets,Hamilton,"Jan 28, 2014",ODI # 3465,https://www.espncricinfo.com/New-Zealand/engine/match/667647.html,RG Sharma,V Kohli,AM Rahane,AT Rayudu,MS Dhoni (c) †,R Ashwin,RA Jadeja,STR Binny ,B Kumar ,VR Aaron ,Mohammed Shami,MJ Guptill,JD Ryder,KS Williamson,LRPL Taylor,BB McCullum (c),L Ronchi † ,NL McCullum ,JDS Neesham ,TG Southee ,KD Mills ,HK Bennett,MS Dhoni  †,BB McCullum ,India,India
550,New Zealand,India,New Zealand,87 runs,Wellington,"Jan 31, 2014",ODI # 3467,https://www.espncricinfo.com/New-Zealand/engine/match/667649.html,MJ Guptill,JD Ryder,KS Williamson,LRPL Taylor,BB McCullum (c),JDS Neesham,L Ronchi †,NL McCullum ,MJ Henry ,KD Mills ,MJ McClenaghan,RG Sharma,S Dhawan,V Kohli,AM Rahane,AT Rayudu,MS Dhoni (c) †,R Ashwin,RA Jadeja,B Kumar,Mohammed Shami,VR Aaron,BB McCullum ,MS Dhoni  †,India,New Zealand
580,India,New Zealand,New Zealand,6 runs,Delhi,"Oct 20, 2016",ODI # 3797,https://www.espncricinfo.com/New-Zealand/engine/match/1030221.html,MJ Guptill,TWM Latham,KS Williamson (c),LRPL Taylor,CJ Anderson,L Ronchi †,MJ Santner,AP Devcich,TG Southee,MJ Henry,TA Boult,RG Sharma,AM Rahane,V Kohli,MK Pandey,MS Dhoni (c) †,KM Jadhav,AR Patel,HH Pandya,A Mishra,UT Yadav,JJ Bumrah,KS Williamson ,MS Dhoni  †,India,New Zealand
581,India,New Zealand,New Zealand,19 runs,Ranchi,"Oct 26, 2016",ODI # 3799,https://www.espncricinfo.com/New-Zealand/engine/match/1030225.html,MJ Guptill,TWM Latham,KS Williamson (c),LRPL Taylor,JDS Neesham,BJ Watling †,AP Devcich,MJ Santner,TG Southee,TA Boult ,IS Sodhi,AM Rahane,RG Sharma,V Kohli,MS Dhoni (c) †,AR Patel,MK Pandey,KM Jadhav,HH Pandya,A Mishra,DS Kulkarni,UT Yadav,KS Williamson ,MS Dhoni  †,New Zealand,New Zealand
592,India,New Zealand,New Zealand,6 wickets,Mumbai,"Oct 22, 2017",ODI # 3928,https://www.espncricinfo.com/New-Zealand/engine/match/1120090.html,RG Sharma,S Dhawan,V Kohli (c),KM Jadhav,KD Karthik,MS Dhoni †,HH Pandya,B Kumar,Kuldeep Yadav,JJ Bumrah ,YS Chahal,MJ Guptill,C Munro,KS Williamson (c),LRPL Taylor,TWM Latham †,HM Nicholls,C de Grandhomme ,MJ Santner ,AF Milne ,TG Southee ,TA Boult,V Kohli ,KS Williamson ,India,India
607,New Zealand,India,New Zealand,8 wickets,Hamilton,"Jan 31, 2019",ODI # 4091,https://www.espncricinfo.com/New-Zealand/engine/match/1153694.html,RG Sharma (c),S Dhawan,Shubman Gill,AT Rayudu,KD Karthik †,KM Jadhav,HH Pandya,B Kumar,Kuldeep Yadav,YS Chahal,KK Ahmed,MJ Guptill,HM Nicholls,KS Williamson (c),LRPL Taylor,TWM Latham † ,JDS Neesham ,MJ Santner ,C de Grandhomme ,TD Astle ,MJ Henry ,TA Boult,RG Sharma ,KS Williamson ,New Zealand,India
616,India,New Zealand,New Zealand,18 runs,Manchester,"Jul 9-10, 2019",ODI # 4190,https://www.espncricinfo.com/New-Zealand/engine/match/1144528.html,MJ Guptill,HM Nicholls,KS Williamson (c),LRPL Taylor,JDS Neesham,C de Grandhomme,TWM Latham †,MJ Santner,MJ Henry,TA Boult,LH Ferguson,KL Rahul,RG Sharma,V Kohli (c),RR Pant,KD Karthik,HH Pandya,MS Dhoni †,RA Jadeja,B Kumar,YS Chahal,JJ Bumrah,KS Williamson ,V Kohli ,New Zealand,New Zealand
652,India,Pakistan,Pakistan,6 wickets,Chennai,"Dec 30, 2012",ODI # 3314,https://www.espncricinfo.com/Pakistan/engine/match/589308.html,G Gambhir,V Sehwag,V Kohli,Yuvraj Singh,RG Sharma,SK Raina,MS Dhoni (c) †,R Ashwin,B Kumar ,I Sharma ,AB Dinda,Mohammad Hafeez,Nasir Jamshed,Azhar Ali,Younis Khan,Misbah-ul-Haq (c),Shoaib Malik,Kamran Akmal † ,Junaid Khan ,Umar Gul ,Saeed Ajmal ,Mohammad Irfan,MS Dhoni  †,Misbah-ul-Haq ,Pakistan,India
653,India,Pakistan,Pakistan,85 runs,Kolkata,"Jan 3, 2013",ODI # 3315,https://www.espncricinfo.com/Pakistan/engine/match/589309.html,Nasir Jamshed,Mohammad Hafeez,Azhar Ali,Younis Khan,Misbah-ul-Haq (c),Shoaib Malik,Kamran Akmal †,Umar Gul,Saeed Ajmal,Junaid Khan,Mohammad Irfan,G Gambhir,V Sehwag,V Kohli,Yuvraj Singh,SK Raina,MS Dhoni (c) †,R Ashwin,RA Jadeja,B Kumar,AB Dinda,I Sharma,Misbah-ul-Haq ,MS Dhoni  †,India,Pakistan
670,India,Pakistan,Pakistan,1 wicket,Dhaka,"Mar 2, 2014",ODI # 3479,https://www.espncricinfo.com/Pakistan/engine/match/710301.html,RG Sharma,S Dhawan,V Kohli (c),AM Rahane,AT Rayudu,KD Karthik †,RA Jadeja,R Ashwin,Mohammed Shami,A Mishra,B Kumar,Sharjeel Khan,Ahmed Shehzad,Mohammad Hafeez,Misbah-ul-Haq (c),Umar Akmal †,Sohaib Maqsood,Shahid Afridi,Umar Gul,Mohammad Talha,Saeed Ajmal,Junaid Khan,V Kohli ,Misbah-ul-Haq ,Pakistan,India
698,India,Pakistan,Pakistan,180 runs,The Oval,"Jun 18, 2017",ODI # 3894,https://www.espncricinfo.com/Pakistan/engine/match/1022375.html,Azhar Ali,Fakhar Zaman,Babar Azam,Shoaib Malik,Mohammad Hafeez,Imad Wasim,Sarfaraz Ahmed (c) † ,Mohammad Amir ,Shadab Khan ,Hasan Ali ,Junaid Khan,RG Sharma,S Dhawan,V Kohli (c),Yuvraj Singh,MS Dhoni †,KM Jadhav,HH Pandya,RA Jadeja,R Ashwin,B Kumar,JJ Bumrah,Sarfaraz Ahmed  † ,V Kohli ,India,Pakistan
722,India,Sri Lanka,Sri Lanka,5 wickets,Dhaka,"Jan 5, 2010",ODI # 2938,https://www.espncricinfo.com/Sri-Lanka/engine/match/434259.html,G Gambhir,V Sehwag,V Kohli,Yuvraj Singh,MS Dhoni (c) †,SK Raina,RA Jadeja,Harbhajan Singh,Z Khan,A Nehra,S Sreesanth,WU Tharanga,HDRL Thirimanne,KC Sangakkara (c) †,TT Samaraweera,SHT Kandamby,S Randiv,NLTC Perera,M Pushpakumara ,RAS Lakmal ,T Thushara ,UWMBCA Welegedara,MS Dhoni  †,KC Sangakkara  †,Sri Lanka,India
724,India,Sri Lanka,Sri Lanka,4 wickets,Dhaka,"Jan 13, 2010",ODI # 2943,https://www.espncricinfo.com/Sri-Lanka/engine/match/434264.html,V Sehwag,G Gambhir,V Kohli,Yuvraj Singh,MS Dhoni (c) †,SK Raina,RA Jadeja,Harbhajan Singh,Z Khan,A Nehra,S Sreesanth,WU Tharanga,TM Dilshan,KC Sangakkara (c) †,DPMD Jayawardene,TT Samaraweera,SHT Kandamby,S Randiv,NLTC Perera,KMDN Kulasekara ,T Thushara ,UWMBCA Welegedara,MS Dhoni  †,KC Sangakkara  †,Sri Lanka,India
726,India,Sri Lanka,Sri Lanka,6 wickets,Harare,"Jun 5, 2010",ODI # 2988,https://www.espncricinfo.com/Sri-Lanka/engine/match/452150.html,KD Karthik †,NV Ojha,V Kohli,YK Pathan,RG Sharma,SK Raina (c),RA Jadeja,R Ashwin,Pankaj Singh,AB Dinda,PP Ojha,WU Tharanga,TM Dilshan (c),LD Chandimal †,CK Kapugedera,BMAJ Mendis,TT Samaraweera,BAW Mendis ,KMDN Kulasekara ,S Randiv ,NLTC Perera ,T Thushara,SK Raina ,TM Dilshan ,Sri Lanka,India
730,Sri Lanka,India,Sri Lanka,7 wickets,Dambulla,"Jun 22, 2010",ODI # 2999,https://www.espncricinfo.com/Sri-Lanka/engine/match/455236.html,G Gambhir,KD Karthik,V Kohli,RG Sharma,SK Raina,MS Dhoni (c) †,RA Jadeja,P Kumar,Z Khan,AB Dinda,PP Ojha,WU Tharanga,TM Dilshan,KC Sangakkara (c) †,DPMD Jayawardene,SHT Kandamby,CK Kapugedera ,AD Mathews ,MF Maharoof ,S Randiv ,HMRKB Herath ,UWMBCA Welegedara,MS Dhoni  †,KC Sangakkara  †,Sri Lanka,India
732,Sri Lanka,India,Sri Lanka,8 wickets,Dambulla,"Aug 22, 2010",ODI # 3038,https://www.espncricinfo.com/Sri-Lanka/engine/match/456666.html,KD Karthik,V Sehwag,RG Sharma,Yuvraj Singh,SK Raina,MS Dhoni (c) †,RA Jadeja,P Kumar,A Nehra,I Sharma,PP Ojha,DPMD Jayawardene,TM Dilshan,WU Tharanga,KC Sangakkara (c) †,LPC Silva ,CK Kapugedera ,AD Mathews ,KMDN Kulasekara ,SL Malinga ,S Randiv ,NLTC Perera,MS Dhoni  †,KC Sangakkara  †,India,India
733,Sri Lanka,India,Sri Lanka,74 runs,Dambulla,"Aug 28, 2010",ODI # 3040,https://www.espncricinfo.com/Sri-Lanka/engine/match/456668.html,DPMD Jayawardene,TM Dilshan,WU Tharanga,KC Sangakkara (c) †,CK Kapugedera,AD Mathews,LPC Silva,NLTC Perera,S Randiv,KMDN Kulasekara,SL Malinga,V Sehwag,KD Karthik,V Kohli,Yuvraj Singh,MS Dhoni (c) †,SK Raina,RG Sharma,P Kumar,I Sharma,A Nehra,MM Patel,KC Sangakkara  †,MS Dhoni  †,Sri Lanka,Sri Lanka
753,India,Sri Lanka,Sri Lanka,51 runs,Brisbane,"Feb 21, 2012",ODI # 3246,https://www.espncricinfo.com/Sri-Lanka/engine/match/518963.html,DPMD Jayawardene (c),TM Dilshan,KC Sangakkara †,LD Chandimal,HDRL Thirimanne,AD Mathews,NLTC Perera,MF Maharoof,KMDN Kulasekara ,SL Malinga ,HMRKB Herath,V Sehwag (c),SR Tendulkar,G Gambhir,V Kohli,SK Raina,RA Jadeja,IK Pathan,PA Patel †,R Ashwin,R Vinay Kumar,UT Yadav,DPMD Jayawardene ,V Sehwag ,Sri Lanka,Sri Lanka
760,Sri Lanka,India,Sri Lanka,9 wickets,Hambantota,"Jul 24, 2012",ODI # 3292,https://www.espncricinfo.com/Sri-Lanka/engine/match/564782.html,G Gambhir,V Sehwag,V Kohli,RG Sharma,SK Raina,MS Dhoni (c) †,IK Pathan,R Ashwin,Z Khan,PP Ojha,UT Yadav,WU Tharanga,TM Dilshan,LD Chandimal,KC Sangakkara † ,DPMD Jayawardene (c) ,AD Mathews ,HDRL Thirimanne ,NLTC Perera ,HMRKB Herath ,I Udana ,SL Malinga,MS Dhoni  †,DPMD Jayawardene  ,India,India
769,India,Sri Lanka,Sri Lanka,161 runs,Kingston,"Jul 2, 2013",ODI # 3382,https://www.espncricinfo.com/Sri-Lanka/engine/match/597925.html,WU Tharanga,DPMD Jayawardene,AD Mathews (c),MDKJ Perera ,KC Sangakkara † ,LD Chandimal ,HDRL Thirimanne ,KMDN Kulasekara ,SMSM Senanayake ,HMRKB Herath ,SL Malinga,RG Sharma,S Dhawan,M Vijay,V Kohli (c),KD Karthik †,SK Raina,RA Jadeja,R Ashwin,Mohammed Shami,I Sharma,UT Yadav,AD Mathews ,V Kohli ,India,Sri Lanka
782,India,Sri Lanka,Sri Lanka,2 wickets,Fatullah,"Feb 28, 2014",ODI # 3476,https://www.espncricinfo.com/Sri-Lanka/engine/match/710297.html,RG Sharma,S Dhawan,V Kohli (c),AM Rahane,AT Rayudu,KD Karthik †,RA Jadeja,STR Binny,R Ashwin,B Kumar,Mohammed Shami,MDKJ Perera,HDRL Thirimanne,KC Sangakkara †,DPMD Jayawardene,LD Chandimal,AD Mathews (c),SMSM Senanayake,PC de Silva,NLTC Perera,BAW Mendis,SL Malinga,V Kohli ,AD Mathews ,Sri Lanka,India
817,India,Sri Lanka,Sri Lanka,7 wickets,The Oval,"Jun 8, 2017",ODI # 3882,https://www.espncricinfo.com/Sri-Lanka/engine/match/1022361.html,RG Sharma,S Dhawan,V Kohli (c),Yuvraj Singh,MS Dhoni †,HH Pandya,KM Jadhav,RA Jadeja,B Kumar ,UT Yadav ,JJ Bumrah,N Dickwella †,MD Gunathilaka,BKG Mendis,MDKJ Perera,AD Mathews (c),DAS Gunaratne,LD Chandimal ,NLTC Perera ,RAS Lakmal ,SL Malinga ,N Pradeep,V Kohli ,AD Mathews ,Sri Lanka,India
820,India,Sri Lanka,Sri Lanka,7 wickets,Dharamsala,"Dec 10, 2017",ODI # 3939,https://www.espncricinfo.com/Sri-Lanka/engine/match/1122726.html,RG Sharma (c),S Dhawan,SS Iyer,KD Karthik,MK Pandey,MS Dhoni †,HH Pandya,B Kumar,Kuldeep Yadav,JJ Bumrah,YS Chahal,MD Gunathilaka,WU Tharanga,HDRL Thirimanne,AD Mathews,N Dickwella †,DAS Gunaratne ,NLTC Perera (c) ,SS Pathirana ,RAS Lakmal ,A Dananjaya ,N Pradeep,RG Sharma ,NLTC Perera  ,Sri Lanka,India
849,Bangladesh,India,Bangladesh,5 wickets,Dhaka,"Mar 16, 2012",ODI # 3261,https://www.espncricinfo.com/Bangladesh/engine/match/535797.html,G Gambhir,SR Tendulkar,V Kohli,SK Raina,MS Dhoni (c) †,RG Sharma,RA Jadeja,IK Pathan ,R Ashwin ,P Kumar ,AB Dinda,Tamim Iqbal,Nazimuddin,Jahurul Islam,Nasir Hossain,Shakib Al Hasan,Mushfiqur Rahim (c) †,Mahmudullah,Mashrafe Mortaza ,Abdur Razzak ,Shafiul Islam ,Shahadat Hossain,MS Dhoni  †,Mushfiqur Rahim  †,Bangladesh,India
870,Bangladesh,India,Bangladesh,79 runs,Dhaka,"Jun 18, 2015",ODI # 3658,https://www.espncricinfo.com/Bangladesh/engine/match/870731.html,Tamim Iqbal,Soumya Sarkar,Liton Das,Mushfiqur Rahim †,Shakib Al Hasan,Sabbir Rahman,Nasir Hossain,Mashrafe Mortaza (c),Rubel Hossain,Taskin Ahmed,Mustafizur Rahman,RG Sharma,S Dhawan,V Kohli,AM Rahane,SK Raina,MS Dhoni (c) †,RA Jadeja,R Ashwin,B Kumar,MM Sharma,UT Yadav,Mashrafe Mortaza ,MS Dhoni  †,Bangladesh,Bangladesh
871,Bangladesh,India,Bangladesh,6 wickets,Dhaka,"Jun 21, 2015",ODI # 3660,https://www.espncricinfo.com/Bangladesh/engine/match/870733.html,RG Sharma,S Dhawan,V Kohli,MS Dhoni (c) †,AT Rayudu,SK Raina,RA Jadeja,AR Patel,R Ashwin,B Kumar,DS Kulkarni,Tamim Iqbal,Soumya Sarkar,Liton Das †,Mushfiqur Rahim,Shakib Al Hasan,Sabbir Rahman,Nasir Hossain ,Mashrafe Mortaza (c) ,Rubel Hossain ,Taskin Ahmed ,Mustafizur Rahman,MS Dhoni  †,Mashrafe Mortaza  ,India,India
915,West Indies,India,West Indies,103 runs,North Sound,"Jun 13, 2011",ODI # 3162,https://www.espncricinfo.com/West-Indies/engine/match/489224.html,LMP Simmons,DP Hyatt,RR Sarwan,DM Bravo,MN Samuels,KA Pollard,CS Baugh †,AD Russell,DJG Sammy (c),KAJ Roach,A Martin,PA Patel †,MK Tiwary,V Kohli,S Badrinath,RG Sharma,SK Raina (c),YK Pathan,R Ashwin,P Kumar,A Mishra,I Sharma,DJG Sammy ,SK Raina ,India,West Indies
916,West Indies,India,West Indies,7 wickets,Kingston,"Jun 16, 2011",ODI # 3163,https://www.espncricinfo.com/West-Indies/engine/match/489225.html,S Dhawan,PA Patel †,V Kohli,MK Tiwary,RG Sharma,SK Raina (c),YK Pathan,R Ashwin,A Mishra,R Vinay Kumar,I Sharma,LMP Simmons,AB Barath,RR Sarwan,DM Bravo,MN Samuels,KA Pollard,CS Baugh † ,DJG Sammy (c) ,AD Russell ,KAJ Roach ,A Martin,SK Raina ,DJG Sammy  ,West Indies,India
919,India,West Indies,West Indies,16 runs,Ahmedabad,"Dec 5, 2011",ODI # 3221,https://www.espncricinfo.com/West-Indies/engine/match/536931.html,LMP Simmons,DP Hyatt,MN Samuels,DM Bravo,D Ramdin †,KA Pollard,AD Russell,DJG Sammy (c),KAJ Roach ,R Rampaul ,SP Narine,PA Patel †,V Sehwag (c),G Gambhir,V Kohli,RG Sharma,SK Raina,RA Jadeja,R Ashwin,R Vinay Kumar,A Mithun,UT Yadav,DJG Sammy ,V Sehwag ,India,West Indies
933,West Indies,India,West Indies,1 wicket,Kingston,"Jun 30, 2013",ODI # 3380,https://www.espncricinfo.com/West-Indies/engine/match/597924.html,RG Sharma,S Dhawan,V Kohli,KD Karthik,SK Raina,MS Dhoni (c) †,RA Jadeja,R Ashwin,B Kumar,I Sharma ,UT Yadav,CH Gayle,J Charles,DS Smith,MN Samuels,DM Bravo,KA Pollard (c),D Ramdin †,DJG Sammy,KAJ Roach,SP Narine,TL Best,MS Dhoni  †,KA Pollard ,West Indies,India
935,India,West Indies,West Indies,2 wickets,Visakhapatnam,"Nov 24, 2013",ODI # 3437,https://www.espncricinfo.com/West-Indies/engine/match/676531.html,RG Sharma,S Dhawan,V Kohli,Yuvraj Singh,SK Raina,MS Dhoni (c) †,RA Jadeja,R Ashwin,B Kumar,Mohammed Shami ,MM Sharma,J Charles †,KOA Powell,MN Samuels,DM Bravo,LMP Simmons,DJ Bravo (c),DJG Sammy,JO Holder,SP Narine,V Permaul,R Rampaul,MS Dhoni  †,DJ Bravo ,West Indies,India
943,India,West Indies,West Indies,124 runs,Kochi,"Oct 8, 2014",ODI # 3531,https://www.espncricinfo.com/West-Indies/engine/match/770121.html,DR Smith,DJ Bravo (c),DM Bravo,MN Samuels,D Ramdin †,KA Pollard,AD Russell,DJG Sammy,SJ Benn ,R Rampaul ,JE Taylor,AM Rahane,S Dhawan,V Kohli,AT Rayudu,SK Raina,MS Dhoni (c) †,RA Jadeja,B Kumar,A Mishra,MM Sharma,Mohammed Shami,DJ Bravo ,MS Dhoni  †,India,West Indies
954,West Indies,India,West Indies,11 runs,North Sound,"Jul 2, 2017",ODI # 3900,https://www.espncricinfo.com/West-Indies/engine/match/1098209.html,E Lewis,KA Hope,SD Hope †,RL Chase,JN Mohammed,JO Holder (c),R Powell,AR Nurse,D Bishoo,AS Joseph,KOK Williams,AM Rahane,S Dhawan,V Kohli (c),KD Karthik,MS Dhoni †,KM Jadhav,HH Pandya,RA Jadeja,Kuldeep Yadav,UT Yadav,Mohammed Shami,JO Holder ,V Kohli ,West Indies,West Indies
961,India,West Indies,West Indies,43 runs,Pune,"Oct 27, 2018",ODI # 4062,https://www.espncricinfo.com/West-Indies/engine/match/1157756.html,KOA Powell,C Hemraj,SD Hope †,MN Samuels,SO Hetmyer,R Powell,JO Holder (c),FA Allen,AR Nurse,KAJ Roach,OC McCoy,RG Sharma,S Dhawan,V Kohli (c),AT Rayudu,RR Pant,MS Dhoni †,B Kumar,Kuldeep Yadav,YS Chahal,KK Ahmed,JJ Bumrah,JO Holder ,V Kohli ,India,West Indies
972,India,West Indies,West Indies,8 wickets,Chennai,"Dec 15, 2019",ODI # 4221,https://www.espncricinfo.com/West-Indies/engine/match/1187021.html,RG Sharma,KL Rahul,V Kohli (c),SS Iyer,RR Pant †,KM Jadhav,RA Jadeja,S Dube,DL Chahar,Mohammed Shami,Kuldeep Yadav,SD Hope †,SW Ambris,SO Hetmyer,N Pooran,RL Chase ,KA Pollard (c) ,JO Holder ,KMA Paul ,HR Walsh ,AS Joseph ,SS Cottrell,V Kohli ,KA Pollard  ,West Indies,India
974,Zimbabwe,India,Zimbabwe,6 wickets,Bulawayo,"May 28, 2010",ODI # 2981,https://www.espncricinfo.com/Zimbabwe/engine/match/452146.html,KD Karthik †,M Vijay,V Kohli,RG Sharma,SK Raina (c),RA Jadeja,YK Pathan,A Mishra ,AB Dinda ,R Vinay Kumar ,UT Yadav,H Masakadza,BRM Taylor †,GA Lamb,CR Ervine,CK Coventry,E Chigumbura (c),AM Blignaut ,AG Cremer ,P Utseya ,RW Price ,CB Mpofu,SK Raina ,E Chigumbura ,India,India
975,Zimbabwe,India,Zimbabwe,7 wickets,Harare,"Jun 3, 2010",ODI # 2986,https://www.espncricinfo.com/Zimbabwe/engine/match/452149.html,KD Karthik †,M Vijay,V Kohli,RG Sharma,SK Raina (c),RA Jadeja,YK Pathan,A Mishra,AB Dinda,PP Ojha,UT Yadav,H Masakadza,BRM Taylor,CK Coventry,E Chigumbura (c),T Taibu †,GA Lamb ,CR Ervine ,AM Blignaut ,AG Cremer ,P Utseya ,RW Price,SK Raina ,E Chigumbura ,Zimbabwe,India
